horizon,variant,candidate,selection_fold,candidate_selection_policy,candidate_selection_fold_count,stability_median_balanced_accuracy,stability_median_macro_f1,stability_balanced_accuracy_std,stability_median_roc_auc,n_samples,accuracy,balanced_accuracy,macro_f1,precision_down,precision_up,recall_down,recall_up,mcc,roc_auc,brier_score,log_loss,expected_calibration_error,threshold,confusion_matrix
1,dfa_hurst_with_meta,logistic_c02,wf_05,median_preselection_folds_v2_1,4,0.49994843684874385,0.4809517574322706,0.020101605171713718,0.5129582334054508,579,0.533678756476684,0.5169687044253711,0.4398219814241486,0.5538461538461539,0.5311284046692607,0.1299638989169675,0.9039735099337748,0.0537011762836621,0.49841011786644984,0.25709933085374453,0.7078247998013221,0.07288020337761952,0.395,"[[36, 241], [29, 273]]"
1,dfa_hurst_with_meta,logistic_c10,wf_05,median_preselection_folds_v2_1,4,0.5037422536785336,0.4833357819095002,0.024634718001909386,0.5086161045022572,579,0.531951640759931,0.5153130752862983,0.4386985995099179,0.5454545454545454,0.530214424951267,0.1299638989169675,0.9006622516556292,0.04813989282623896,0.4975016137901356,0.25846208587839103,0.7107236299696652,0.07160430406578208,0.39,"[[36, 241], [30, 272]]"
1,dfa_hurst_with_meta,random_forest,wf_05,median_preselection_folds_v2_1,4,0.5053246946908607,0.47161018978519353,0.013147734739101065,0.5128664504041041,579,0.5146804835924007,0.5199751356779114,0.509761146448835,0.49444444444444446,0.547945205479452,0.6425992779783394,0.3973509933774834,0.04115188959377198,0.5040763143424104,0.25254095242547614,0.6982775241758489,0.04128449187318559,0.495,"[[178, 99], [182, 120]]"
1,dfa_hurst_with_meta,extra_trees,wf_05,median_preselection_folds_v2_1,4,0.5021297334892887,0.4613806052687603,0.009621972930862178,0.5026180571477703,579,0.542314335060449,0.5366031510746647,0.5309820536099114,0.5283018867924528,0.5504087193460491,0.4043321299638989,0.6688741721854304,0.07590857932626606,0.5291797164510962,0.2514863093573269,0.696133958227025,0.04751687123075304,0.47,"[[112, 165], [100, 202]]"
1,dfa_hurst_with_meta,hist_gradient_boosting,wf_05,median_preselection_folds_v2_1,4,0.4894992226011693,0.45532056243614644,0.024646850726731423,0.512398902327181,579,0.5457685664939551,0.539615559327707,0.5329284564067173,0.5339805825242718,0.5522788203753352,0.3971119133574007,0.6821192052980133,0.0826706053339633,0.5292155784541086,0.2603284133199378,0.717326968065391,0.07537539334926144,0.455,"[[110, 167], [96, 206]]"
1,dfa_hurst_no_meta,logistic_c02,wf_05,median_preselection_folds_v2_1,4,0.49994843684874385,0.4809517574322706,0.020101605171713718,0.5129582334054508,579,0.533678756476684,0.5169687044253711,0.4398219814241486,0.5538461538461539,0.5311284046692607,0.1299638989169675,0.9039735099337748,0.0537011762836621,0.49841011786644984,0.25709933085374453,0.7078247998013221,0.07288020337761952,0.395,"[[36, 241], [29, 273]]"
1,dfa_hurst_no_meta,logistic_c10,wf_05,median_preselection_folds_v2_1,4,0.5037422536785336,0.4833357819095002,0.024634718001909386,0.5086161045022572,579,0.531951640759931,0.5153130752862983,0.4386985995099179,0.5454545454545454,0.530214424951267,0.1299638989169675,0.9006622516556292,0.04813989282623896,0.4975016137901356,0.25846208587839103,0.7107236299696652,0.07160430406578208,0.39,"[[36, 241], [30, 272]]"
1,dfa_hurst_no_meta,random_forest,wf_05,median_preselection_folds_v2_1,4,0.5053246946908607,0.47161018978519353,0.013147734739101065,0.5128664504041041,579,0.5146804835924007,0.5199751356779114,0.509761146448835,0.49444444444444446,0.547945205479452,0.6425992779783394,0.3973509933774834,0.04115188959377198,0.5040763143424104,0.25254095242547614,0.6982775241758489,0.04128449187318559,0.495,"[[178, 99], [182, 120]]"
1,dfa_hurst_no_meta,extra_trees,wf_05,median_preselection_folds_v2_1,4,0.5021297334892887,0.4613806052687603,0.009621972930862178,0.5026180571477703,579,0.542314335060449,0.5366031510746647,0.5309820536099114,0.5283018867924528,0.5504087193460491,0.4043321299638989,0.6688741721854304,0.07590857932626606,0.5291797164510962,0.2514863093573269,0.696133958227025,0.04751687123075304,0.47,"[[112, 165], [100, 202]]"
1,dfa_hurst_no_meta,hist_gradient_boosting,wf_05,median_preselection_folds_v2_1,4,0.4894992226011693,0.45532056243614644,0.024646850726731423,0.512398902327181,579,0.5457685664939551,0.539615559327707,0.5329284564067173,0.5339805825242718,0.5522788203753352,0.3971119133574007,0.6821192052980133,0.0826706053339633,0.5292155784541086,0.2603284133199378,0.717326968065391,0.07537539334926144,0.455,"[[110, 167], [96, 206]]"
1,no_hurst_with_meta,logistic_c02,wf_05,median_preselection_folds_v2_1,4,0.5134688288146281,0.507921387015015,0.008617381783047743,0.5139170479455926,579,0.5302245250431779,0.5230712219379826,0.5129638792676893,0.5129533678756477,0.538860103626943,0.3574007220216607,0.6887417218543046,0.04889580964486852,0.5026657422239224,0.2559089696596259,0.7053161791460308,0.07281260511875778,0.455,"[[99, 178], [94, 208]]"
1,no_hurst_with_meta,logistic_c10,wf_05,median_preselection_folds_v2_1,4,0.5108918043709215,0.49980434838155463,0.012993834434943032,0.5094960030419946,579,0.5250431778929189,0.5185526095584192,0.5104399506827245,0.504950495049505,0.5358090185676393,0.36823104693140796,0.6688741721854304,0.03888946751833836,0.500872642073302,0.2570760140076617,0.7077709709278333,0.07262825503002186,0.455,"[[102, 175], [100, 202]]"
1,no_hurst_with_meta,random_forest,wf_05,median_preselection_folds_v2_1,4,0.5035515662616072,0.46096990758080575,0.01748395600648808,0.512735087914135,579,0.5371329879101899,0.527751213331102,0.5088250189921499,0.5276073619631901,0.5408653846153846,0.3104693140794224,0.7450331125827815,0.06164741353322957,0.5202739857030148,0.2517665013864533,0.6967446401399625,0.04113197790504623,0.45999999999999996,"[[86, 191], [77, 225]]"
1,no_hurst_with_meta,extra_trees,wf_05,median_preselection_folds_v2_1,4,0.5120328332246953,0.4853344413011582,0.018190681078806902,0.5129032693740686,579,0.533678756476684,0.5363939560570923,0.5329417529099644,0.5107692307692308,0.562992125984252,0.5992779783393501,0.4735099337748344,0.07327301790424304,0.5253066201257561,0.2515108561341622,0.6961866284710677,0.04753467817537483,0.48,"[[166, 111], [159, 143]]"
1,no_hurst_with_meta,hist_gradient_boosting,wf_05,median_preselection_folds_v2_1,4,0.5066105769230769,0.47735462681606494,0.02327059664562388,0.5196705118651841,579,0.5267702936096719,0.5221507638606642,0.5186944808504441,0.5066079295154186,0.5397727272727273,0.4151624548736462,0.6291390728476821,0.04532917330410356,0.5070050445884238,0.266067125461742,0.7293025439705925,0.10394551495562544,0.45999999999999996,"[[115, 162], [112, 190]]"
1,no_hurst_no_meta,logistic_c02,wf_05,median_preselection_folds_v2_1,4,0.5134688288146281,0.507921387015015,0.008617381783047743,0.5139170479455926,579,0.5302245250431779,0.5230712219379826,0.5129638792676893,0.5129533678756477,0.538860103626943,0.3574007220216607,0.6887417218543046,0.04889580964486852,0.5026657422239224,0.2559089696596259,0.7053161791460308,0.07281260511875778,0.455,"[[99, 178], [94, 208]]"
1,no_hurst_no_meta,logistic_c10,wf_05,median_preselection_folds_v2_1,4,0.5108918043709215,0.49980434838155463,0.012993834434943032,0.5094960030419946,579,0.5250431778929189,0.5185526095584192,0.5104399506827245,0.504950495049505,0.5358090185676393,0.36823104693140796,0.6688741721854304,0.03888946751833836,0.500872642073302,0.2570760140076617,0.7077709709278333,0.07262825503002186,0.455,"[[102, 175], [100, 202]]"
1,no_hurst_no_meta,random_forest,wf_05,median_preselection_folds_v2_1,4,0.5035515662616072,0.46096990758080575,0.01748395600648808,0.512735087914135,579,0.5371329879101899,0.527751213331102,0.5088250189921499,0.5276073619631901,0.5408653846153846,0.3104693140794224,0.7450331125827815,0.06164741353322957,0.5202739857030148,0.2517665013864533,0.6967446401399625,0.04113197790504623,0.45999999999999996,"[[86, 191], [77, 225]]"
1,no_hurst_no_meta,extra_trees,wf_05,median_preselection_folds_v2_1,4,0.5120328332246953,0.4853344413011582,0.018190681078806902,0.5129032693740686,579,0.533678756476684,0.5363939560570923,0.5329417529099644,0.5107692307692308,0.562992125984252,0.5992779783393501,0.4735099337748344,0.07327301790424304,0.5253066201257561,0.2515108561341622,0.6961866284710677,0.04753467817537483,0.48,"[[166, 111], [159, 143]]"
1,no_hurst_no_meta,hist_gradient_boosting,wf_05,median_preselection_folds_v2_1,4,0.5066105769230769,0.47735462681606494,0.02327059664562388,0.5196705118651841,579,0.5267702936096719,0.5221507638606642,0.5186944808504441,0.5066079295154186,0.5397727272727273,0.4151624548736462,0.6291390728476821,0.04532917330410356,0.5070050445884238,0.266067125461742,0.7293025439705925,0.10394551495562544,0.45999999999999996,"[[115, 162], [112, 190]]"
1,legacy_hurst_no_meta,logistic_c02,wf_05,median_preselection_folds_v2_1,4,0.5050503692012084,0.477684225387234,0.012910413239018382,0.5096284862790494,579,0.5215889464594128,0.5152413512802736,0.5074791869474292,0.5,0.5333333333333333,0.36823104693140796,0.6622516556291391,0.03187616798411577,0.5015062041265211,0.2561385216998552,0.7057616502720643,0.08311838125330676,0.455,"[[102, 175], [102, 200]]"
1,legacy_hurst_no_meta,logistic_c10,wf_05,median_preselection_folds_v2_1,4,0.5047717251339159,0.4813225361566024,0.015398268954732317,0.5057048866793787,579,0.5233160621761658,0.5188395055825185,0.5156162855549359,0.5021834061135371,0.5371428571428571,0.4151624548736462,0.6225165562913907,0.038493826937794344,0.49936643794678076,0.2573028604879537,0.708203534027028,0.08130578149553491,0.45999999999999996,"[[115, 162], [114, 188]]"
1,legacy_hurst_no_meta,random_forest,wf_05,median_preselection_folds_v2_1,4,0.4848653165482059,0.44352242073212744,0.012998104577715611,0.5045451160008025,579,0.5474956822107081,0.5466504889186411,0.5466504889186411,0.5270758122743683,0.5662251655629139,0.5270758122743683,0.5662251655629139,0.09330097783728214,0.533028904774428,0.25097299391073674,0.695149310391344,0.040557456872171035,0.48,"[[146, 131], [131, 171]]"
1,legacy_hurst_no_meta,extra_trees,wf_05,median_preselection_folds_v2_1,4,0.5104353044751675,0.48378526047963644,0.019390190834786693,0.5171092478218503,579,0.5371329879101899,0.5368661390967557,0.5367336215338316,0.5157894736842106,0.5578231292517006,0.5306859205776173,0.543046357615894,0.07367241626429187,0.5321323546991178,0.2512482430660746,0.6956542753018261,0.048782083975560574,0.475,"[[147, 130], [138, 164]]"
1,legacy_hurst_no_meta,hist_gradient_boosting,wf_05,median_preselection_folds_v2_1,4,0.49514369339676717,0.46555386756472505,0.027003093172009,0.5175870220967558,579,0.5267702936096719,0.5311162646137662,0.5238944108326131,0.5043227665706052,0.5603448275862069,0.631768953068592,0.4304635761589404,0.06343837910475027,0.5168312334138236,0.2639219924220868,0.7251861344904937,0.10118906896437192,0.535,"[[175, 102], [172, 130]]"
5,dfa_hurst_with_meta,logistic_c02,wf_05,median_preselection_folds_v2_1,4,0.5108283630856509,0.4920379112925283,0.03127277896696523,0.5389299900696392,578,0.47750865051903113,0.4953101543265478,0.4280303030303031,0.4694736842105263,0.5145631067961165,0.8168498168498168,0.1737704918032787,-0.0122364199529037,0.46267939710562656,0.2715770665920995,0.7394587827502755,0.14140282042988014,0.645,"[[223, 50], [252, 53]]"
5,dfa_hurst_with_meta,logistic_c10,wf_05,median_preselection_folds_v2_1,4,0.5163315222023102,0.49722183165783207,0.029437585763871038,0.5478207951011504,578,0.5155709342560554,0.49332852939410315,0.40626605033384694,0.43859649122807015,0.5239923224568138,0.09157509157509157,0.8950819672131147,-0.02234223040938511,0.4584879601273044,0.27505518005461177,0.747507691918632,0.15019804685582103,0.36,"[[25, 248], [32, 273]]"
5,dfa_hurst_with_meta,random_forest,wf_05,median_preselection_folds_v2_1,4,0.5146294228982026,0.47487424869803657,0.02206104787296984,0.5326748828785469,578,0.49480968858131485,0.5170840088872876,0.4128059896739358,0.4817658349328215,0.6140350877192983,0.9194139194139194,0.11475409836065574,0.057213002263456915,0.49234372185191855,0.256566783465181,0.7065920491824212,0.09394989062384024,0.5900000000000001,"[[251, 22], [270, 35]]"
5,dfa_hurst_with_meta,extra_trees,wf_05,median_preselection_folds_v2_1,4,0.5193605599502992,0.45247365113663923,0.013942666940857672,0.5590943697453006,578,0.5294117647058824,0.5419924337957125,0.5103647598166234,0.5011933174224343,0.6037735849056604,0.7692307692307693,0.31475409836065577,0.0938915938383574,0.5394703656998738,0.25131827081172875,0.6958339499275119,0.05471096872943091,0.5,"[[210, 63], [209, 96]]"
5,dfa_hurst_with_meta,hist_gradient_boosting,wf_05,median_preselection_folds_v2_1,4,0.5114544549886393,0.4721235266560829,0.023555491859705853,0.5283598748917437,578,0.5069204152249135,0.4914730078664505,0.4558966821357203,0.453125,0.5222222222222223,0.21245421245421245,0.7704918032786885,-0.020504343060983705,0.46326787966132227,0.29657595809177845,0.8051406071607257,0.1941274047680923,0.355,"[[58, 215], [70, 235]]"
5,dfa_hurst_no_meta,logistic_c02,wf_05,median_preselection_folds_v2_1,4,0.5108283630856509,0.4920379112925283,0.03127277896696523,0.5389299900696392,578,0.47750865051903113,0.4953101543265478,0.4280303030303031,0.4694736842105263,0.5145631067961165,0.8168498168498168,0.1737704918032787,-0.0122364199529037,0.46267939710562656,0.2715770665920995,0.7394587827502755,0.14140282042988014,0.645,"[[223, 50], [252, 53]]"
5,dfa_hurst_no_meta,logistic_c10,wf_05,median_preselection_folds_v2_1,4,0.5163315222023102,0.49722183165783207,0.029437585763871038,0.5478207951011504,578,0.5155709342560554,0.49332852939410315,0.40626605033384694,0.43859649122807015,0.5239923224568138,0.09157509157509157,0.8950819672131147,-0.02234223040938511,0.4584879601273044,0.27505518005461177,0.747507691918632,0.15019804685582103,0.36,"[[25, 248], [32, 273]]"
5,dfa_hurst_no_meta,random_forest,wf_05,median_preselection_folds_v2_1,4,0.5146294228982026,0.47487424869803657,0.02206104787296984,0.5326748828785469,578,0.49480968858131485,0.5170840088872876,0.4128059896739358,0.4817658349328215,0.6140350877192983,0.9194139194139194,0.11475409836065574,0.057213002263456915,0.49234372185191855,0.256566783465181,0.7065920491824212,0.09394989062384024,0.5900000000000001,"[[251, 22], [270, 35]]"
5,dfa_hurst_no_meta,extra_trees,wf_05,median_preselection_folds_v2_1,4,0.5193605599502992,0.45247365113663923,0.013942666940857672,0.5590943697453006,578,0.5294117647058824,0.5419924337957125,0.5103647598166234,0.5011933174224343,0.6037735849056604,0.7692307692307693,0.31475409836065577,0.0938915938383574,0.5394703656998738,0.25131827081172875,0.6958339499275119,0.05471096872943091,0.5,"[[210, 63], [209, 96]]"
5,dfa_hurst_no_meta,hist_gradient_boosting,wf_05,median_preselection_folds_v2_1,4,0.5114544549886393,0.4721235266560829,0.023555491859705853,0.5283598748917437,578,0.5069204152249135,0.4914730078664505,0.4558966821357203,0.453125,0.5222222222222223,0.21245421245421245,0.7704918032786885,-0.020504343060983705,0.46326787966132227,0.29657595809177845,0.8051406071607257,0.1941274047680923,0.355,"[[58, 215], [70, 235]]"
5,no_hurst_with_meta,logistic_c02,wf_05,median_preselection_folds_v2_1,4,0.5147359707620626,0.5059525666956167,0.01968553491839214,0.533961387671769,578,0.48961937716262977,0.5085149822854741,0.434128825214139,0.4773662551440329,0.5543478260869565,0.8498168498168498,0.16721311475409836,0.02323982959842698,0.4686843211433375,0.2695984828209609,0.7347910244521906,0.13449198418797176,0.645,"[[232, 41], [254, 51]]"
5,no_hurst_with_meta,logistic_c10,wf_05,median_preselection_folds_v2_1,4,0.5229720147337427,0.5094211407165128,0.015678070214467897,0.5484471358406164,578,0.4809688581314879,0.49935747312796497,0.4279266795993507,0.47193347193347196,0.5257731958762887,0.8315018315018315,0.16721311475409836,-0.0017166989012240086,0.4650333273284093,0.27274685609336635,0.7419420915957065,0.1427396720971668,0.65,"[[227, 46], [254, 51]]"
5,no_hurst_with_meta,random_forest,wf_05,median_preselection_folds_v2_1,4,0.5191538336726134,0.4804320000661986,0.02270461898243369,0.5422699745961741,578,0.4913494809688581,0.5130366900858704,0.4139952549106158,0.4796116504854369,0.5873015873015873,0.9047619047619048,0.12131147540983607,0.04176905897124301,0.4790368101843512,0.2584511208506954,0.7103833969668983,0.08386759514546548,0.595,"[[247, 26], [268, 37]]"
5,no_hurst_with_meta,extra_trees,wf_05,median_preselection_folds_v2_1,4,0.5315818977458127,0.47617865937900783,0.01213012955783807,0.5667047476097804,578,0.513840830449827,0.5318501170960187,0.46720771019836443,0.49159663865546216,0.6176470588235294,0.8571428571428571,0.20655737704918034,0.08341971657477541,0.5050861706599412,0.25339069847160556,0.6999931268357029,0.05904826927204602,0.52,"[[234, 39], [242, 63]]"
5,no_hurst_with_meta,hist_gradient_boosting,wf_05,median_preselection_folds_v2_1,4,0.5057964284231395,0.47277750072912084,0.023874069121907992,0.5261486806256214,578,0.4982698961937716,0.5069116675674052,0.48990894926477746,0.47757255936675463,0.5376884422110553,0.663003663003663,0.35081967213114756,0.014524391185276533,0.4643607758361857,0.2945104811493283,0.8039566902735039,0.1790705398205479,0.6200000000000001,"[[181, 92], [198, 107]]"
5,no_hurst_no_meta,logistic_c02,wf_05,median_preselection_folds_v2_1,4,0.5147359707620626,0.5059525666956167,0.01968553491839214,0.533961387671769,578,0.48961937716262977,0.5085149822854741,0.434128825214139,0.4773662551440329,0.5543478260869565,0.8498168498168498,0.16721311475409836,0.02323982959842698,0.4686843211433375,0.2695984828209609,0.7347910244521906,0.13449198418797176,0.645,"[[232, 41], [254, 51]]"
5,no_hurst_no_meta,logistic_c10,wf_05,median_preselection_folds_v2_1,4,0.5229720147337427,0.5094211407165128,0.015678070214467897,0.5484471358406164,578,0.4809688581314879,0.49935747312796497,0.4279266795993507,0.47193347193347196,0.5257731958762887,0.8315018315018315,0.16721311475409836,-0.0017166989012240086,0.4650333273284093,0.27274685609336635,0.7419420915957065,0.1427396720971668,0.65,"[[227, 46], [254, 51]]"
5,no_hurst_no_meta,random_forest,wf_05,median_preselection_folds_v2_1,4,0.5191538336726134,0.4804320000661986,0.02270461898243369,0.5422699745961741,578,0.4913494809688581,0.5130366900858704,0.4139952549106158,0.4796116504854369,0.5873015873015873,0.9047619047619048,0.12131147540983607,0.04176905897124301,0.4790368101843512,0.2584511208506954,0.7103833969668983,0.08386759514546548,0.595,"[[247, 26], [268, 37]]"
5,no_hurst_no_meta,extra_trees,wf_05,median_preselection_folds_v2_1,4,0.5315818977458127,0.47617865937900783,0.01213012955783807,0.5667047476097804,578,0.513840830449827,0.5318501170960187,0.46720771019836443,0.49159663865546216,0.6176470588235294,0.8571428571428571,0.20655737704918034,0.08341971657477541,0.5050861706599412,0.25339069847160556,0.6999931268357029,0.05904826927204602,0.52,"[[234, 39], [242, 63]]"
5,no_hurst_no_meta,hist_gradient_boosting,wf_05,median_preselection_folds_v2_1,4,0.5057964284231395,0.47277750072912084,0.023874069121907992,0.5261486806256214,578,0.4982698961937716,0.5069116675674052,0.48990894926477746,0.47757255936675463,0.5376884422110553,0.663003663003663,0.35081967213114756,0.014524391185276533,0.4643607758361857,0.2945104811493283,0.8039566902735039,0.1790705398205479,0.6200000000000001,"[[181, 92], [198, 107]]"
5,legacy_hurst_no_meta,logistic_c02,wf_05,median_preselection_folds_v2_1,4,0.5113652800646018,0.49755224633632283,0.02275704336244149,0.5259193542539284,578,0.513840830449827,0.5001441181769051,0.474040083807476,0.4726027397260274,0.5277777777777778,0.25274725274725274,0.7475409836065574,0.00033117816633608825,0.46814387797994356,0.2712976346097072,0.7388515732208746,0.12205438824469554,0.42,"[[69, 204], [77, 228]]"
5,legacy_hurst_no_meta,logistic_c10,wf_05,median_preselection_folds_v2_1,4,0.5375432107108128,0.5201098224638481,0.0235246045098784,0.543808065399308,578,0.5103806228373703,0.49724974479072837,0.47348837209302325,0.46710526315789475,0.5258215962441315,0.2600732600732601,0.7344262295081967,-0.006237458100137895,0.4646009727976941,0.274426667526481,0.7460867751318438,0.13376789821777635,0.42,"[[71, 202], [81, 224]]"
5,legacy_hurst_no_meta,random_forest,wf_05,median_preselection_folds_v2_1,4,0.531714742646753,0.49275289070371037,0.01878105699625125,0.548933375206853,578,0.49653979238754326,0.5141115714886206,0.4506833880370352,0.4809322033898305,0.5660377358490566,0.8315018315018315,0.19672131147540983,0.036409329996189836,0.4883564522908785,0.25835049584194136,0.7103594525295475,0.08640076995988329,0.5650000000000001,"[[227, 46], [245, 60]]"
5,legacy_hurst_no_meta,extra_trees,wf_05,median_preselection_folds_v2_1,4,0.5213680489822317,0.46604314140230585,0.011653976491637047,0.560089442696678,578,0.5311418685121108,0.5420945175043536,0.5175544775544776,0.5024875621890548,0.5965909090909091,0.73992673992674,0.3442622950819672,0.09133083207328212,0.5143337536780159,0.25260388484265067,0.698384585036097,0.06199925631854656,0.495,"[[202, 71], [200, 105]]"
5,legacy_hurst_no_meta,hist_gradient_boosting,wf_05,median_preselection_folds_v2_1,4,0.5232931487316135,0.4916332157485038,0.014054146765577093,0.5353688387131843,578,0.5259515570934256,0.5108508977361437,0.47871023804508106,0.4961832061068702,0.5346756152125279,0.23809523809523808,0.7836065573770492,0.025878404680146683,0.4902059688944934,0.2935363683084976,0.8050863898702689,0.19616867488431156,0.355,"[[65, 208], [66, 239]]"
10,dfa_hurst_with_meta,logistic_c02,wf_05,median_preselection_folds_v2_1,4,0.49232736904520896,0.47513667758535183,0.018965586218091295,0.49490074942121637,576,0.5104166666666666,0.5249915405810412,0.47058133319426876,0.49130434782608695,0.5862068965517241,0.8248175182481752,0.2251655629139073,0.06224348013013203,0.4407478126359549,0.28066933976132735,0.7610181532144956,0.15739799555414727,0.635,"[[226, 48], [234, 68]]"
10,dfa_hurst_with_meta,logistic_c10,wf_05,median_preselection_folds_v2_1,4,0.4950707517544101,0.46468624494463295,0.029024926726907572,0.504132882768306,576,0.5086805555555556,0.5235050998211437,0.4670415719867257,0.490280777537797,0.584070796460177,0.8284671532846716,0.2185430463576159,0.05912091285969004,0.43701358340987095,0.2853764054181316,0.772519011681624,0.17424726121980705,0.65,"[[227, 47], [236, 66]]"
10,dfa_hurst_with_meta,random_forest,wf_05,median_preselection_folds_v2_1,4,0.5159638380238452,0.47522800537766446,0.030874147923202495,0.534187289002282,576,0.5121527777777778,0.5110818388359839,0.5110784873446973,0.48727272727272725,0.5348837209302325,0.48905109489051096,0.5331125827814569,0.022160062642647336,0.4856189877700972,0.26150487071490025,0.7170503614744593,0.0978420015533352,0.475,"[[134, 140], [141, 161]]"
10,dfa_hurst_with_meta,extra_trees,wf_05,median_preselection_folds_v2_1,4,0.540956285921629,0.516647718264255,0.02285339809029487,0.538569187738626,576,0.5434027777777778,0.5564484942234253,0.5151685842761358,0.5124716553287982,0.6444444444444445,0.8248175182481752,0.28807947019867547,0.1330990424579555,0.5258012278242374,0.25102580807959884,0.6952177895204179,0.05288781911560784,0.51,"[[226, 48], [215, 87]]"
10,dfa_hurst_with_meta,hist_gradient_boosting,wf_05,median_preselection_folds_v2_1,4,0.4964372766960931,0.46701681669433814,0.021172474496813507,0.5222930588991779,576,0.5295138888888888,0.5225624788514526,0.5157817022213812,0.5073170731707317,0.5417789757412399,0.3795620437956204,0.6655629139072847,0.04706864275218145,0.5093416155073234,0.2966863141410627,0.8212658371330883,0.19768129844073756,0.425,"[[104, 170], [101, 201]]"
10,dfa_hurst_no_meta,logistic_c02,wf_05,median_preselection_folds_v2_1,4,0.49232736904520896,0.47513667758535183,0.018965586218091295,0.49490074942121637,576,0.5104166666666666,0.5249915405810412,0.47058133319426876,0.49130434782608695,0.5862068965517241,0.8248175182481752,0.2251655629139073,0.06224348013013203,0.4407478126359549,0.28066933976132735,0.7610181532144956,0.15739799555414727,0.635,"[[226, 48], [234, 68]]"
10,dfa_hurst_no_meta,logistic_c10,wf_05,median_preselection_folds_v2_1,4,0.4950707517544101,0.46468624494463295,0.029024926726907572,0.504132882768306,576,0.5086805555555556,0.5235050998211437,0.4670415719867257,0.490280777537797,0.584070796460177,0.8284671532846716,0.2185430463576159,0.05912091285969004,0.43701358340987095,0.2853764054181316,0.772519011681624,0.17424726121980705,0.65,"[[227, 47], [236, 66]]"
10,dfa_hurst_no_meta,random_forest,wf_05,median_preselection_folds_v2_1,4,0.5159638380238452,0.47522800537766446,0.030874147923202495,0.534187289002282,576,0.5121527777777778,0.5110818388359839,0.5110784873446973,0.48727272727272725,0.5348837209302325,0.48905109489051096,0.5331125827814569,0.022160062642647336,0.4856189877700972,0.26150487071490025,0.7170503614744593,0.0978420015533352,0.475,"[[134, 140], [141, 161]]"
10,dfa_hurst_no_meta,extra_trees,wf_05,median_preselection_folds_v2_1,4,0.540956285921629,0.516647718264255,0.02285339809029487,0.538569187738626,576,0.5434027777777778,0.5564484942234253,0.5151685842761358,0.5124716553287982,0.6444444444444445,0.8248175182481752,0.28807947019867547,0.1330990424579555,0.5258012278242374,0.25102580807959884,0.6952177895204179,0.05288781911560784,0.51,"[[226, 48], [215, 87]]"
10,dfa_hurst_no_meta,hist_gradient_boosting,wf_05,median_preselection_folds_v2_1,4,0.4964372766960931,0.46701681669433814,0.021172474496813507,0.5222930588991779,576,0.5295138888888888,0.5225624788514526,0.5157817022213812,0.5073170731707317,0.5417789757412399,0.3795620437956204,0.6655629139072847,0.04706864275218145,0.5093416155073234,0.2966863141410627,0.8212658371330883,0.19768129844073756,0.425,"[[104, 170], [101, 201]]"
10,no_hurst_with_meta,logistic_c02,wf_05,median_preselection_folds_v2_1,4,0.48616489621720116,0.4791590839036828,0.01298358188624906,0.4988459086289706,576,0.5173611111111112,0.5329675641707352,0.4713083902323063,0.4957627118644068,0.6153846153846154,0.8540145985401459,0.2119205298013245,0.0856067362242931,0.44903804321554597,0.2755752073081491,0.7493209774916859,0.14617786177687295,0.635,"[[234, 40], [238, 64]]"
10,no_hurst_with_meta,logistic_c10,wf_05,median_preselection_folds_v2_1,4,0.5031714078623477,0.4868667392205358,0.0131840433675826,0.5131945593038999,576,0.5208333333333334,0.5345869386571277,0.4869623586513141,0.49777777777777776,0.6031746031746031,0.8175182481751825,0.25165562913907286,0.08356594769750396,0.4446270604727607,0.2793424173002908,0.7584008516898928,0.16018429214078736,0.6200000000000001,"[[224, 50], [226, 76]]"
10,no_hurst_with_meta,random_forest,wf_05,median_preselection_folds_v2_1,4,0.5109639002124301,0.47303117932695216,0.03445135224324499,0.5387480680608698,576,0.4947916666666667,0.5151665297046454,0.40189903906197033,0.4839319470699433,0.6170212765957447,0.9343065693430657,0.09602649006622517,0.05533733035673785,0.4832624353458694,0.2608858933804936,0.7155969045555877,0.09381137684280305,0.65,"[[256, 18], [273, 29]]"
10,no_hurst_with_meta,extra_trees,wf_05,median_preselection_folds_v2_1,4,0.5349598628894853,0.5127683939228731,0.018942897298631457,0.5448601566337772,576,0.5347222222222222,0.5461400879779572,0.5136116152450091,0.5071090047393365,0.6103896103896104,0.781021897810219,0.31125827814569534,0.10412873224367747,0.5148885773674288,0.2516943307606169,0.6965947121649239,0.051452054669326924,0.51,"[[214, 60], [208, 94]]"
10,no_hurst_with_meta,hist_gradient_boosting,wf_05,median_preselection_folds_v2_1,4,0.49911053148329404,0.46438354526672554,0.023336273937274988,0.5250673943852431,576,0.5190972222222222,0.5229491951467105,0.5177002252013966,0.4954954954954955,0.551440329218107,0.6021897810218978,0.44370860927152317,0.04641420904689125,0.5093899550442307,0.2979583028893148,0.8280703940230552,0.1913547031129755,0.595,"[[165, 109], [168, 134]]"
10,no_hurst_no_meta,logistic_c02,wf_05,median_preselection_folds_v2_1,4,0.48616489621720116,0.4791590839036828,0.01298358188624906,0.4988459086289706,576,0.5173611111111112,0.5329675641707352,0.4713083902323063,0.4957627118644068,0.6153846153846154,0.8540145985401459,0.2119205298013245,0.0856067362242931,0.44903804321554597,0.2755752073081491,0.7493209774916859,0.14617786177687295,0.635,"[[234, 40], [238, 64]]"
10,no_hurst_no_meta,logistic_c10,wf_05,median_preselection_folds_v2_1,4,0.5031714078623477,0.4868667392205358,0.0131840433675826,0.5131945593038999,576,0.5208333333333334,0.5345869386571277,0.4869623586513141,0.49777777777777776,0.6031746031746031,0.8175182481751825,0.25165562913907286,0.08356594769750396,0.4446270604727607,0.2793424173002908,0.7584008516898928,0.16018429214078736,0.6200000000000001,"[[224, 50], [226, 76]]"
10,no_hurst_no_meta,random_forest,wf_05,median_preselection_folds_v2_1,4,0.5109639002124301,0.47303117932695216,0.03445135224324499,0.5387480680608698,576,0.4947916666666667,0.5151665297046454,0.40189903906197033,0.4839319470699433,0.6170212765957447,0.9343065693430657,0.09602649006622517,0.05533733035673785,0.4832624353458694,0.2608858933804936,0.7155969045555877,0.09381137684280305,0.65,"[[256, 18], [273, 29]]"
10,no_hurst_no_meta,extra_trees,wf_05,median_preselection_folds_v2_1,4,0.5349598628894853,0.5127683939228731,0.018942897298631457,0.5448601566337772,576,0.5347222222222222,0.5461400879779572,0.5136116152450091,0.5071090047393365,0.6103896103896104,0.781021897810219,0.31125827814569534,0.10412873224367747,0.5148885773674288,0.2516943307606169,0.6965947121649239,0.051452054669326924,0.51,"[[214, 60], [208, 94]]"
10,no_hurst_no_meta,hist_gradient_boosting,wf_05,median_preselection_folds_v2_1,4,0.49911053148329404,0.46438354526672554,0.023336273937274988,0.5250673943852431,576,0.5190972222222222,0.5229491951467105,0.5177002252013966,0.4954954954954955,0.551440329218107,0.6021897810218978,0.44370860927152317,0.04641420904689125,0.5093899550442307,0.2979583028893148,0.8280703940230552,0.1913547031129755,0.595,"[[165, 109], [168, 134]]"
10,legacy_hurst_no_meta,logistic_c02,wf_05,median_preselection_folds_v2_1,4,0.4681646689991014,0.45449703341705566,0.018685031757310455,0.4816529356884107,576,0.5104166666666666,0.5254991057185672,0.4672264497507216,0.49141630901287553,0.5909090909090909,0.8357664233576643,0.2152317880794702,0.06479543310964975,0.4427418185333784,0.27966338248550027,0.7579211939404747,0.16220541007147907,0.635,"[[229, 45], [237, 65]]"
10,legacy_hurst_no_meta,logistic_c10,wf_05,median_preselection_folds_v2_1,4,0.49742606376442566,0.4717809904594286,0.024745649971850116,0.4961534864158865,576,0.5069444444444444,0.5206651520278436,0.4720917023803377,0.4888888888888889,0.5714285714285714,0.8029197080291971,0.23841059602649006,0.04992933981926337,0.44095325566781074,0.28316118909987986,0.7664656900426401,0.16538189700732725,0.63,"[[220, 54], [230, 72]]"
10,legacy_hurst_no_meta,random_forest,wf_05,median_preselection_folds_v2_1,4,0.5190303979922715,0.4678351332733355,0.035869652067910596,0.5455918881292731,576,0.5225694444444444,0.529305844250012,0.5164111848231268,0.4986376021798365,0.5645933014354066,0.6678832116788321,0.39072847682119205,0.06087750016444242,0.504676850195775,0.2594881450477125,0.7133950251294683,0.06757960853944545,0.52,"[[183, 91], [184, 118]]"
10,legacy_hurst_no_meta,extra_trees,wf_05,median_preselection_folds_v2_1,4,0.5313606261419164,0.5053534502505264,0.013377529825514618,0.5392302071700568,576,0.5295138888888888,0.5420191424566152,0.5030166800918217,0.503448275862069,0.6099290780141844,0.7992700729927007,0.2847682119205298,0.09761167126814672,0.5124595156378402,0.25263246584426124,0.6985228362120812,0.050656376008269714,0.515,"[[219, 55], [216, 86]]"
10,legacy_hurst_no_meta,hist_gradient_boosting,wf_05,median_preselection_folds_v2_1,4,0.5123652643579819,0.46224241638466856,0.019953040385434946,0.520514385826798,576,0.5364583333333334,0.5345990235413545,0.5345377065255881,0.5132075471698113,0.5562700964630225,0.49635036496350365,0.5728476821192053,0.0693377044276814,0.5410644366026973,0.2829271927497494,0.7855390444437808,0.17070320391085483,0.49,"[[136, 138], [129, 173]]"
20,dfa_hurst_with_meta,logistic_c02,wf_05,median_preselection_folds_v2_1,4,0.4391748570088072,0.4276615794419393,0.041125650761383664,0.46542811653768107,572,0.46153846153846156,0.48365384615384616,0.43926566259691646,0.44366197183098594,0.5136986301369864,0.7269230769230769,0.2403846153846154,-0.03733604585756011,0.41875000000000007,0.3024522157110756,0.8109607459755368,0.22666405107578472,0.645,"[[189, 71], [237, 75]]"
20,dfa_hurst_with_meta,logistic_c10,wf_05,median_preselection_folds_v2_1,4,0.43695899597976506,0.4295391835722133,0.05140816950888851,0.4671261645629601,572,0.458041958041958,0.47884615384615387,0.4387684049273931,0.44019138755980863,0.5064935064935064,0.7076923076923077,0.25,-0.04749356901459777,0.4169871794871795,0.31117117480251527,0.8345639804226652,0.23669871789613436,0.65,"[[184, 76], [234, 78]]"
20,dfa_hurst_with_meta,random_forest,wf_05,median_preselection_folds_v2_1,4,0.5192705821501711,0.45542471277085583,0.039888096732625715,0.4878159326248694,572,0.4737762237762238,0.5125,0.3853085560256342,0.4612476370510397,0.627906976744186,0.9384615384615385,0.08653846153846154,0.04721086045477929,0.4484590729783038,0.27132584163556117,0.737508970356986,0.16172936431327714,0.65,"[[244, 16], [285, 27]]"
20,dfa_hurst_with_meta,extra_trees,wf_05,median_preselection_folds_v2_1,4,0.5201254870431071,0.4867299555066977,0.0319445605334084,0.5090317097956754,572,0.4982517482517482,0.5330128205128205,0.4352861855570806,0.4731610337972167,0.6811594202898551,0.9153846153846154,0.15064102564102563,0.1009411061187013,0.4928500986193294,0.2544340536159559,0.702068034575458,0.07434727092666844,0.5650000000000001,"[[238, 22], [265, 47]]"
20,dfa_hurst_with_meta,hist_gradient_boosting,wf_05,median_preselection_folds_v2_1,4,0.48600705400788,0.4706672312008118,0.029634401766060758,0.4737542926477885,572,0.5104895104895105,0.49230769230769234,0.4792967124427799,0.4418604651162791,0.54,0.2923076923076923,0.6923076923076923,-0.016705381391691136,0.4672830374753452,0.3418187503967629,0.9630066259951264,0.2984230699227014,0.35,"[[76, 184], [96, 216]]"
20,dfa_hurst_no_meta,logistic_c02,wf_05,median_preselection_folds_v2_1,4,0.4391748570088072,0.4276615794419393,0.041125650761383664,0.46542811653768107,572,0.46153846153846156,0.48365384615384616,0.43926566259691646,0.44366197183098594,0.5136986301369864,0.7269230769230769,0.2403846153846154,-0.03733604585756011,0.41875000000000007,0.3024522157110756,0.8109607459755368,0.22666405107578472,0.645,"[[189, 71], [237, 75]]"
20,dfa_hurst_no_meta,logistic_c10,wf_05,median_preselection_folds_v2_1,4,0.43695899597976506,0.4295391835722133,0.05140816950888851,0.4671261645629601,572,0.458041958041958,0.47884615384615387,0.4387684049273931,0.44019138755980863,0.5064935064935064,0.7076923076923077,0.25,-0.04749356901459777,0.4169871794871795,0.31117117480251527,0.8345639804226652,0.23669871789613436,0.65,"[[184, 76], [234, 78]]"
20,dfa_hurst_no_meta,random_forest,wf_05,median_preselection_folds_v2_1,4,0.5192705821501711,0.45542471277085583,0.039888096732625715,0.4878159326248694,572,0.4737762237762238,0.5125,0.3853085560256342,0.4612476370510397,0.627906976744186,0.9384615384615385,0.08653846153846154,0.04721086045477929,0.4484590729783038,0.27132584163556117,0.737508970356986,0.16172936431327714,0.65,"[[244, 16], [285, 27]]"
20,dfa_hurst_no_meta,extra_trees,wf_05,median_preselection_folds_v2_1,4,0.5201254870431071,0.4867299555066977,0.0319445605334084,0.5090317097956754,572,0.4982517482517482,0.5330128205128205,0.4352861855570806,0.4731610337972167,0.6811594202898551,0.9153846153846154,0.15064102564102563,0.1009411061187013,0.4928500986193294,0.2544340536159559,0.702068034575458,0.07434727092666844,0.5650000000000001,"[[238, 22], [265, 47]]"
20,dfa_hurst_no_meta,hist_gradient_boosting,wf_05,median_preselection_folds_v2_1,4,0.48600705400788,0.4706672312008118,0.029634401766060758,0.4737542926477885,572,0.5104895104895105,0.49230769230769234,0.4792967124427799,0.4418604651162791,0.54,0.2923076923076923,0.6923076923076923,-0.016705381391691136,0.4672830374753452,0.3418187503967629,0.9630066259951264,0.2984230699227014,0.35,"[[76, 184], [96, 216]]"
20,no_hurst_with_meta,logistic_c02,wf_05,median_preselection_folds_v2_1,4,0.4728943062621797,0.4692269249295951,0.048886129499043765,0.4839261705031034,572,0.46503496503496505,0.4891025641025641,0.43775296490935023,0.4474885844748858,0.5223880597014925,0.7538461538461538,0.22435897435897437,-0.025622932662112234,0.426060157790927,0.294756598154477,0.7925409000681038,0.2007182117948037,0.63,"[[196, 64], [242, 70]]"
20,no_hurst_with_meta,logistic_c10,wf_05,median_preselection_folds_v2_1,4,0.47346850394029383,0.4701796404124687,0.04876675684898963,0.48367490410450564,572,0.46153846153846156,0.4855769230769231,0.4340781476865355,0.4452054794520548,0.5149253731343284,0.75,0.22115384615384615,-0.03391270499397207,0.4253451676528599,0.3015640992314888,0.8105723517713089,0.2122312111678829,0.64,"[[195, 65], [243, 69]]"
20,no_hurst_with_meta,random_forest,wf_05,median_preselection_folds_v2_1,4,0.5166841664538522,0.4717855583693593,0.04268171542907793,0.49237009904568274,572,0.4825174825174825,0.5198717948717949,0.40366300366300367,0.4653846153846154,0.6538461538461539,0.9307692307692308,0.10897435897435898,0.06883791671107076,0.47536982248520704,0.26736743632369603,0.7300785780521013,0.13135913896495532,0.65,"[[242, 18], [278, 34]]"
20,no_hurst_with_meta,extra_trees,wf_05,median_preselection_folds_v2_1,4,0.5327399581893322,0.5073216743430307,0.020615285675312067,0.5185520346987864,572,0.5087412587412588,0.5461538461538462,0.4347090579773858,0.4797687861271676,0.7924528301886793,0.9576923076923077,0.1346153846153846,0.158518608366292,0.4532544378698225,0.2574672794852444,0.7081758139950332,0.11778604814543317,0.5900000000000001,"[[249, 11], [270, 42]]"
20,no_hurst_with_meta,hist_gradient_boosting,wf_05,median_preselection_folds_v2_1,4,0.4914738718189358,0.47223458453030254,0.03022696691149419,0.49449091051868316,572,0.5104895104895105,0.4935897435897436,0.48295454545454547,0.4444444444444444,0.5408163265306123,0.3076923076923077,0.6794871794871795,-0.013746434980705376,0.4828525641025641,0.3410004236548406,0.9694618708296475,0.3086750304441016,0.35,"[[80, 180], [100, 212]]"
20,no_hurst_no_meta,logistic_c02,wf_05,median_preselection_folds_v2_1,4,0.4728943062621797,0.4692269249295951,0.048886129499043765,0.4839261705031034,572,0.46503496503496505,0.4891025641025641,0.43775296490935023,0.4474885844748858,0.5223880597014925,0.7538461538461538,0.22435897435897437,-0.025622932662112234,0.426060157790927,0.294756598154477,0.7925409000681038,0.2007182117948037,0.63,"[[196, 64], [242, 70]]"
20,no_hurst_no_meta,logistic_c10,wf_05,median_preselection_folds_v2_1,4,0.47346850394029383,0.4701796404124687,0.04876675684898963,0.48367490410450564,572,0.46153846153846156,0.4855769230769231,0.4340781476865355,0.4452054794520548,0.5149253731343284,0.75,0.22115384615384615,-0.03391270499397207,0.4253451676528599,0.3015640992314888,0.8105723517713089,0.2122312111678829,0.64,"[[195, 65], [243, 69]]"
20,no_hurst_no_meta,random_forest,wf_05,median_preselection_folds_v2_1,4,0.5166841664538522,0.4717855583693593,0.04268171542907793,0.49237009904568274,572,0.4825174825174825,0.5198717948717949,0.40366300366300367,0.4653846153846154,0.6538461538461539,0.9307692307692308,0.10897435897435898,0.06883791671107076,0.47536982248520704,0.26736743632369603,0.7300785780521013,0.13135913896495532,0.65,"[[242, 18], [278, 34]]"
20,no_hurst_no_meta,extra_trees,wf_05,median_preselection_folds_v2_1,4,0.5327399581893322,0.5073216743430307,0.020615285675312067,0.5185520346987864,572,0.5087412587412588,0.5461538461538462,0.4347090579773858,0.4797687861271676,0.7924528301886793,0.9576923076923077,0.1346153846153846,0.158518608366292,0.4532544378698225,0.2574672794852444,0.7081758139950332,0.11778604814543317,0.5900000000000001,"[[249, 11], [270, 42]]"
20,no_hurst_no_meta,hist_gradient_boosting,wf_05,median_preselection_folds_v2_1,4,0.4914738718189358,0.47223458453030254,0.03022696691149419,0.49449091051868316,572,0.5104895104895105,0.4935897435897436,0.48295454545454547,0.4444444444444444,0.5408163265306123,0.3076923076923077,0.6794871794871795,-0.013746434980705376,0.4828525641025641,0.3410004236548406,0.9694618708296475,0.3086750304441016,0.35,"[[80, 180], [100, 212]]"
20,legacy_hurst_no_meta,logistic_c02,wf_05,median_preselection_folds_v2_1,4,0.47086428671907876,0.4628401065703853,0.03888254119785503,0.467421479213583,572,0.4458041958041958,0.4701923076923077,0.416106626135511,0.43537414965986393,0.48091603053435117,0.7384615384615385,0.20192307692307693,-0.07064271444251281,0.3972016765285996,0.30421689861180434,0.8124921144263634,0.2194090504530312,0.64,"[[192, 68], [249, 63]]"
20,legacy_hurst_no_meta,logistic_c10,wf_05,median_preselection_folds_v2_1,4,0.46689265848249095,0.46123193193118306,0.02558143029077601,0.46471767311938184,572,0.4527972027972028,0.47692307692307695,0.4244233334940766,0.4396355353075171,0.49624060150375937,0.7423076923076923,0.21153846153846154,-0.054401865008496024,0.3991617357001973,0.3105751888079571,0.8294817282791012,0.24074163961848247,0.65,"[[193, 67], [246, 66]]"
20,legacy_hurst_no_meta,random_forest,wf_05,median_preselection_folds_v2_1,4,0.5249755226910957,0.47624489934853925,0.04498347226046565,0.499138312249461,572,0.4597902097902098,0.4967948717948718,0.37838113492886916,0.4527938342967245,0.5283018867924528,0.9038461538461539,0.08974358974358974,-0.011008236692103612,0.44626479289940835,0.2748744689403885,0.7459856403577577,0.14915215392670683,0.65,"[[235, 25], [284, 28]]"
20,legacy_hurst_no_meta,extra_trees,wf_05,median_preselection_folds_v2_1,4,0.5301869552908627,0.5084926792926607,0.013477260447938327,0.5224829637227271,572,0.5087412587412588,0.5471153846153847,0.42965420577329094,0.48,0.8297872340425532,0.9692307692307692,0.125,0.1708551707198296,0.4823594674556213,0.2544193932117979,0.7019813100779482,0.09388636637970749,0.595,"[[252, 8], [273, 39]]"
20,legacy_hurst_no_meta,hist_gradient_boosting,wf_05,median_preselection_folds_v2_1,4,0.4723239078183664,0.45979738421535443,0.034634212510444407,0.47756833101766905,572,0.513986013986014,0.5009615384615385,0.49601926977687627,0.45588235294117646,0.5461956521739131,0.3576923076923077,0.6442307692307693,0.001999040690647504,0.4859220907297831,0.3380498263408167,0.9626401788685893,0.27411607454466985,0.375,"[[93, 167], [111, 201]]"
