horizon,split_id,test_group_ids,train_start_row,train_end_row,test_start_row,test_end_row,n_train_raw,n_train,n_test,purged_count,embargoed_count
1,cpcv_001,0|1,837,3219,40,835,2384,2383,796,1,0
1,cpcv_002,0|2,439,3219,40,1233,2384,2381,796,3,0
1,cpcv_003,0|3,439,3219,40,1631,2384,2381,796,3,0
1,cpcv_004,0|4,439,3219,40,2028,2385,2382,795,3,0
1,cpcv_005,0|5,439,3219,40,2425,2385,2382,795,3,0
1,cpcv_006,0|6,439,3219,40,2822,2385,2382,795,3,0
1,cpcv_007,0|7,439,2821,40,3219,2385,2383,795,2,0
1,cpcv_008,1|2,40,3219,438,1233,2384,2382,796,2,0
1,cpcv_009,1|3,40,3219,438,1631,2384,2380,796,4,0
1,cpcv_010,1|4,40,3219,438,2028,2385,2381,795,4,0
1,cpcv_011,1|5,40,3219,438,2425,2385,2381,795,4,0
1,cpcv_012,1|6,40,3219,438,2822,2385,2381,795,4,0
1,cpcv_013,1|7,40,2821,438,3219,2385,2382,795,3,0
1,cpcv_014,2|3,40,3219,836,1631,2384,2382,796,2,0
1,cpcv_015,2|4,40,3219,836,2028,2385,2381,795,4,0
1,cpcv_016,2|5,40,3219,836,2425,2385,2381,795,4,0
1,cpcv_017,2|6,40,3219,836,2822,2385,2381,795,4,0
1,cpcv_018,2|7,40,2821,836,3219,2385,2382,795,3,0
1,cpcv_019,3|4,40,3219,1234,2028,2385,2383,795,2,0
1,cpcv_020,3|5,40,3219,1234,2425,2385,2381,795,4,0
1,cpcv_021,3|6,40,3219,1234,2822,2385,2381,795,4,0
1,cpcv_022,3|7,40,2821,1234,3219,2385,2382,795,3,0
1,cpcv_023,4|5,40,3219,1632,2425,2386,2384,794,2,0
1,cpcv_024,4|6,40,3219,1632,2822,2386,2382,794,4,0
1,cpcv_025,4|7,40,2821,1632,3219,2386,2383,794,3,0
1,cpcv_026,5|6,40,3219,2029,2822,2386,2384,794,2,0
1,cpcv_027,5|7,40,2821,2029,3219,2386,2383,794,3,0
1,cpcv_028,6|7,40,2424,2426,3219,2386,2385,794,1,0
5,cpcv_001,0|1,839,3215,40,833,2382,2377,794,5,0
5,cpcv_002,0|2,442,3215,40,1230,2382,2367,794,15,0
5,cpcv_003,0|3,442,3215,40,1627,2382,2367,794,15,0
5,cpcv_004,0|4,442,3215,40,2024,2382,2367,794,15,0
5,cpcv_005,0|5,442,3215,40,2421,2382,2367,794,15,0
5,cpcv_006,0|6,442,3215,40,2818,2382,2367,794,15,0
5,cpcv_007,0|7,442,2813,40,3215,2382,2372,794,10,0
5,cpcv_008,1|2,40,3215,437,1230,2382,2372,794,10,0
5,cpcv_009,1|3,40,3215,437,1627,2382,2362,794,20,0
5,cpcv_010,1|4,40,3215,437,2024,2382,2362,794,20,0
5,cpcv_011,1|5,40,3215,437,2421,2382,2362,794,20,0
5,cpcv_012,1|6,40,3215,437,2818,2382,2362,794,20,0
5,cpcv_013,1|7,40,2813,437,3215,2382,2367,794,15,0
5,cpcv_014,2|3,40,3215,834,1627,2382,2372,794,10,0
5,cpcv_015,2|4,40,3215,834,2024,2382,2362,794,20,0
5,cpcv_016,2|5,40,3215,834,2421,2382,2362,794,20,0
5,cpcv_017,2|6,40,3215,834,2818,2382,2362,794,20,0
5,cpcv_018,2|7,40,2813,834,3215,2382,2367,794,15,0
5,cpcv_019,3|4,40,3215,1231,2024,2382,2372,794,10,0
5,cpcv_020,3|5,40,3215,1231,2421,2382,2362,794,20,0
5,cpcv_021,3|6,40,3215,1231,2818,2382,2362,794,20,0
5,cpcv_022,3|7,40,2813,1231,3215,2382,2367,794,15,0
5,cpcv_023,4|5,40,3215,1628,2421,2382,2372,794,10,0
5,cpcv_024,4|6,40,3215,1628,2818,2382,2362,794,20,0
5,cpcv_025,4|7,40,2813,1628,3215,2382,2367,794,15,0
5,cpcv_026,5|6,40,3215,2025,2818,2382,2372,794,10,0
5,cpcv_027,5|7,40,2813,2025,3215,2382,2367,794,15,0
5,cpcv_028,6|7,40,2416,2422,3215,2382,2377,794,5,0
10,cpcv_001,0|1,844,3210,40,833,2377,2367,794,10,0
10,cpcv_002,0|2,447,3210,40,1230,2377,2347,794,30,0
10,cpcv_003,0|3,447,3210,40,1626,2378,2348,793,30,0
10,cpcv_004,0|4,447,3210,40,2022,2378,2348,793,30,0
10,cpcv_005,0|5,447,3210,40,2418,2378,2348,793,30,0
10,cpcv_006,0|6,447,3210,40,2814,2378,2348,793,30,0
10,cpcv_007,0|7,447,2804,40,3210,2378,2358,793,20,0
10,cpcv_008,1|2,40,3210,437,1230,2377,2357,794,20,0
10,cpcv_009,1|3,40,3210,437,1626,2378,2338,793,40,0
10,cpcv_010,1|4,40,3210,437,2022,2378,2338,793,40,0
10,cpcv_011,1|5,40,3210,437,2418,2378,2338,793,40,0
10,cpcv_012,1|6,40,3210,437,2814,2378,2338,793,40,0
10,cpcv_013,1|7,40,2804,437,3210,2378,2348,793,30,0
10,cpcv_014,2|3,40,3210,834,1626,2378,2358,793,20,0
10,cpcv_015,2|4,40,3210,834,2022,2378,2338,793,40,0
10,cpcv_016,2|5,40,3210,834,2418,2378,2338,793,40,0
10,cpcv_017,2|6,40,3210,834,2814,2378,2338,793,40,0
10,cpcv_018,2|7,40,2804,834,3210,2378,2348,793,30,0
10,cpcv_019,3|4,40,3210,1231,2022,2379,2359,792,20,0
10,cpcv_020,3|5,40,3210,1231,2418,2379,2339,792,40,0
10,cpcv_021,3|6,40,3210,1231,2814,2379,2339,792,40,0
10,cpcv_022,3|7,40,2804,1231,3210,2379,2349,792,30,0
10,cpcv_023,4|5,40,3210,1627,2418,2379,2359,792,20,0
10,cpcv_024,4|6,40,3210,1627,2814,2379,2339,792,40,0
10,cpcv_025,4|7,40,2804,1627,3210,2379,2349,792,30,0
10,cpcv_026,5|6,40,3210,2023,2814,2379,2359,792,20,0
10,cpcv_027,5|7,40,2804,2023,3210,2379,2349,792,30,0
10,cpcv_028,6|7,40,2408,2419,3210,2379,2369,792,10,0
20,cpcv_001,0|1,851,3200,40,830,2370,2350,791,20,0
20,cpcv_002,0|2,456,3200,40,1225,2370,2310,791,60,0
20,cpcv_003,0|3,456,3200,40,1620,2370,2310,791,60,0
20,cpcv_004,0|4,456,3200,40,2015,2370,2310,791,60,0
20,cpcv_005,0|5,456,3200,40,2410,2370,2310,791,60,0
20,cpcv_006,0|6,456,3200,40,2805,2370,2310,791,60,0
20,cpcv_007,0|7,456,2785,40,3200,2370,2330,791,40,0
20,cpcv_008,1|2,40,3200,436,1225,2371,2331,790,40,0
20,cpcv_009,1|3,40,3200,436,1620,2371,2291,790,80,0
20,cpcv_010,1|4,40,3200,436,2015,2371,2291,790,80,0
20,cpcv_011,1|5,40,3200,436,2410,2371,2291,790,80,0
20,cpcv_012,1|6,40,3200,436,2805,2371,2291,790,80,0
20,cpcv_013,1|7,40,2785,436,3200,2371,2311,790,60,0
20,cpcv_014,2|3,40,3200,831,1620,2371,2331,790,40,0
20,cpcv_015,2|4,40,3200,831,2015,2371,2291,790,80,0
20,cpcv_016,2|5,40,3200,831,2410,2371,2291,790,80,0
20,cpcv_017,2|6,40,3200,831,2805,2371,2291,790,80,0
20,cpcv_018,2|7,40,2785,831,3200,2371,2311,790,60,0
20,cpcv_019,3|4,40,3200,1226,2015,2371,2331,790,40,0
20,cpcv_020,3|5,40,3200,1226,2410,2371,2291,790,80,0
20,cpcv_021,3|6,40,3200,1226,2805,2371,2291,790,80,0
20,cpcv_022,3|7,40,2785,1226,3200,2371,2311,790,60,0
20,cpcv_023,4|5,40,3200,1621,2410,2371,2331,790,40,0
20,cpcv_024,4|6,40,3200,1621,2805,2371,2291,790,80,0
20,cpcv_025,4|7,40,2785,1621,3200,2371,2311,790,60,0
20,cpcv_026,5|6,40,3200,2016,2805,2371,2331,790,40,0
20,cpcv_027,5|7,40,2785,2016,3200,2371,2311,790,60,0
20,cpcv_028,6|7,40,2390,2411,3200,2371,2351,790,20,0
