horizon,variant,fold_id,candidate,n_validation,balanced_accuracy,macro_f1,roc_auc,train_start_row,train_end_row,validation_start_row,validation_end_row,n_train_raw,n_train,purged_count,embargoed_count
1,dfa_hurst_with_meta,wf_01,logistic_c02,580,0.5008506739955503,0.3588192234721164,0.5214453129647476,40,319,321,900,281,280,1,0
1,dfa_hurst_with_meta,wf_01,logistic_c10,580,0.5098690081022237,0.4067019400352734,0.5138427859275916,40,319,321,900,281,280,1,0
1,dfa_hurst_with_meta,wf_01,random_forest,580,0.5005532355355676,0.44422715894868586,0.4953302161782727,40,319,321,900,281,280,1,0
1,dfa_hurst_with_meta,wf_01,extra_trees,580,0.4985068589308872,0.4941457586618877,0.4936883558791686,40,319,321,900,281,280,1,0
1,dfa_hurst_with_meta,wf_01,hist_gradient_boosting,580,0.48631783084079905,0.40465664603595636,0.4887746725202555,40,319,321,900,281,280,1,0
1,dfa_hurst_with_meta,wf_02,logistic_c02,580,0.5416353461956068,0.5414195867026056,0.5528033313049601,40,899,901,1480,861,860,1,0
1,dfa_hurst_with_meta,wf_02,logistic_c10,580,0.5542530216797318,0.5542130841121495,0.55509420004534,40,899,901,1480,861,860,1,0
1,dfa_hurst_with_meta,wf_02,random_forest,580,0.5253546670484781,0.524720021851953,0.5603083127513095,40,899,901,1480,861,860,1,0
1,dfa_hurst_with_meta,wf_02,extra_trees,580,0.5199019221820524,0.48738167755840966,0.5447375642815382,40,899,901,1480,861,860,1,0
1,dfa_hurst_with_meta,wf_02,hist_gradient_boosting,580,0.5450895467182113,0.5450790460199635,0.5600935438068989,40,899,901,1480,861,860,1,0
1,dfa_hurst_with_meta,wf_03,logistic_c02,580,0.4990461997019374,0.4836416092515972,0.48803576751117733,40,1479,1481,2060,1441,1440,1,0
1,dfa_hurst_with_meta,wf_03,logistic_c10,580,0.4976154992548435,0.48676415448068994,0.48709388971684053,40,1479,1481,2060,1441,1440,1,0
1,dfa_hurst_with_meta,wf_03,random_forest,580,0.48953800298062594,0.38345574023965984,0.5096631892697466,40,1479,1481,2060,1441,1440,1,0
1,dfa_hurst_with_meta,wf_03,extra_trees,580,0.5057526080476901,0.4136723838471559,0.496822652757079,40,1479,1481,2060,1441,1440,1,0
1,dfa_hurst_with_meta,wf_03,hist_gradient_boosting,580,0.4923397913561848,0.42660162601626017,0.5256631892697466,40,1479,1481,2060,1441,1440,1,0
1,dfa_hurst_with_meta,wf_04,logistic_c02,580,0.4891826923076923,0.47826190561294396,0.5044711538461538,40,2059,2061,2640,2021,2020,1,0
1,dfa_hurst_with_meta,wf_04,logistic_c10,580,0.4911057692307692,0.47990740933831044,0.503389423076923,40,2059,2061,2640,2021,2020,1,0
1,dfa_hurst_with_meta,wf_04,random_forest,580,0.5100961538461538,0.49899322062170115,0.5160697115384616,40,2059,2061,2640,2021,2020,1,0
1,dfa_hurst_with_meta,wf_04,extra_trees,580,0.4947115384615385,0.4353795329791109,0.5084134615384616,40,2059,2061,2640,2021,2020,1,0
1,dfa_hurst_with_meta,wf_04,hist_gradient_boosting,580,0.4866586538461538,0.4840394988560327,0.4991346153846154,40,2059,2061,2640,2021,2020,1,0
1,dfa_hurst_with_meta,wf_05,logistic_c02,579,0.49772873980921417,0.4953435059818039,0.49841011786644984,40,2639,2641,3219,2601,2600,1,0
1,dfa_hurst_with_meta,wf_05,logistic_c10,579,0.5043512563655055,0.5024110766292671,0.4975016137901356,40,2639,2641,3219,2601,2600,1,0
1,dfa_hurst_with_meta,wf_05,random_forest,579,0.5064192985392211,0.48810423881761866,0.5040763143424104,40,2639,2641,3219,2601,2600,1,0
1,dfa_hurst_with_meta,wf_05,extra_trees,579,0.5045425203815718,0.3986403550184119,0.5291797164510962,40,2639,2641,3219,2601,2600,1,0
1,dfa_hurst_with_meta,wf_05,hist_gradient_boosting,579,0.5285879934013915,0.5282947922541831,0.5292155784541086,40,2639,2641,3219,2601,2600,1,0
1,dfa_hurst_no_meta,wf_01,logistic_c02,580,0.5008506739955503,0.3588192234721164,0.5214453129647476,40,319,321,900,281,280,1,0
1,dfa_hurst_no_meta,wf_01,logistic_c10,580,0.5098690081022237,0.4067019400352734,0.5138427859275916,40,319,321,900,281,280,1,0
1,dfa_hurst_no_meta,wf_01,random_forest,580,0.5005532355355676,0.44422715894868586,0.4953302161782727,40,319,321,900,281,280,1,0
1,dfa_hurst_no_meta,wf_01,extra_trees,580,0.4985068589308872,0.4941457586618877,0.4936883558791686,40,319,321,900,281,280,1,0
1,dfa_hurst_no_meta,wf_01,hist_gradient_boosting,580,0.48631783084079905,0.40465664603595636,0.4887746725202555,40,319,321,900,281,280,1,0
1,dfa_hurst_no_meta,wf_02,logistic_c02,580,0.5416353461956068,0.5414195867026056,0.5528033313049601,40,899,901,1480,861,860,1,0
1,dfa_hurst_no_meta,wf_02,logistic_c10,580,0.5542530216797318,0.5542130841121495,0.55509420004534,40,899,901,1480,861,860,1,0
1,dfa_hurst_no_meta,wf_02,random_forest,580,0.5253546670484781,0.524720021851953,0.5603083127513095,40,899,901,1480,861,860,1,0
1,dfa_hurst_no_meta,wf_02,extra_trees,580,0.5199019221820524,0.48738167755840966,0.5447375642815382,40,899,901,1480,861,860,1,0
1,dfa_hurst_no_meta,wf_02,hist_gradient_boosting,580,0.5450895467182113,0.5450790460199635,0.5600935438068989,40,899,901,1480,861,860,1,0
1,dfa_hurst_no_meta,wf_03,logistic_c02,580,0.4990461997019374,0.4836416092515972,0.48803576751117733,40,1479,1481,2060,1441,1440,1,0
1,dfa_hurst_no_meta,wf_03,logistic_c10,580,0.4976154992548435,0.48676415448068994,0.48709388971684053,40,1479,1481,2060,1441,1440,1,0
1,dfa_hurst_no_meta,wf_03,random_forest,580,0.48953800298062594,0.38345574023965984,0.5096631892697466,40,1479,1481,2060,1441,1440,1,0
1,dfa_hurst_no_meta,wf_03,extra_trees,580,0.5057526080476901,0.4136723838471559,0.496822652757079,40,1479,1481,2060,1441,1440,1,0
1,dfa_hurst_no_meta,wf_03,hist_gradient_boosting,580,0.4923397913561848,0.42660162601626017,0.5256631892697466,40,1479,1481,2060,1441,1440,1,0
1,dfa_hurst_no_meta,wf_04,logistic_c02,580,0.4891826923076923,0.47826190561294396,0.5044711538461538,40,2059,2061,2640,2021,2020,1,0
1,dfa_hurst_no_meta,wf_04,logistic_c10,580,0.4911057692307692,0.47990740933831044,0.503389423076923,40,2059,2061,2640,2021,2020,1,0
1,dfa_hurst_no_meta,wf_04,random_forest,580,0.5100961538461538,0.49899322062170115,0.5160697115384616,40,2059,2061,2640,2021,2020,1,0
1,dfa_hurst_no_meta,wf_04,extra_trees,580,0.4947115384615385,0.4353795329791109,0.5084134615384616,40,2059,2061,2640,2021,2020,1,0
1,dfa_hurst_no_meta,wf_04,hist_gradient_boosting,580,0.4866586538461538,0.4840394988560327,0.4991346153846154,40,2059,2061,2640,2021,2020,1,0
1,dfa_hurst_no_meta,wf_05,logistic_c02,579,0.49772873980921417,0.4953435059818039,0.49841011786644984,40,2639,2641,3219,2601,2600,1,0
1,dfa_hurst_no_meta,wf_05,logistic_c10,579,0.5043512563655055,0.5024110766292671,0.4975016137901356,40,2639,2641,3219,2601,2600,1,0
1,dfa_hurst_no_meta,wf_05,random_forest,579,0.5064192985392211,0.48810423881761866,0.5040763143424104,40,2639,2641,3219,2601,2600,1,0
1,dfa_hurst_no_meta,wf_05,extra_trees,579,0.5045425203815718,0.3986403550184119,0.5291797164510962,40,2639,2641,3219,2601,2600,1,0
1,dfa_hurst_no_meta,wf_05,hist_gradient_boosting,579,0.5285879934013915,0.5282947922541831,0.5292155784541086,40,2639,2641,3219,2601,2600,1,0
1,no_hurst_with_meta,wf_01,logistic_c02,580,0.508185506418722,0.4036864177728158,0.5208028458911851,40,319,321,900,281,280,1,0
1,no_hurst_with_meta,wf_01,logistic_c10,580,0.5079535044199355,0.4440478079221535,0.51335498685322,40,319,321,900,281,280,1,0
1,no_hurst_with_meta,wf_01,random_forest,580,0.4796849531831864,0.4240953221535746,0.48575269776683205,40,319,321,900,281,280,1,0
1,no_hurst_with_meta,wf_01,extra_trees,580,0.4827723643978061,0.4791377638547028,0.4930220937288075,40,319,321,900,281,280,1,0
1,no_hurst_with_meta,wf_01,hist_gradient_boosting,580,0.47681764642895386,0.4109655891003574,0.48488417746368273,40,319,321,900,281,280,1,0
1,no_hurst_with_meta,wf_02,logistic_c02,580,0.5302287289257974,0.530090193134837,0.5432699764947322,40,899,901,1480,861,860,1,0
1,no_hurst_with_meta,wf_02,logistic_c10,580,0.5302287289257974,0.530090193134837,0.5468852537256446,40,899,901,1480,861,860,1,0
1,no_hurst_with_meta,wf_02,random_forest,580,0.5259572132536302,0.5259572132536302,0.5500351982436673,40,899,901,1480,861,860,1,0
1,no_hurst_with_meta,wf_02,extra_trees,580,0.5235589600410447,0.49987129987129986,0.5358246530884968,40,899,901,1480,861,860,1,0
1,no_hurst_with_meta,wf_02,hist_gradient_boosting,580,0.5412058083067854,0.5376616578030006,0.560594671343857,40,899,901,1480,861,860,1,0
1,no_hurst_with_meta,wf_03,logistic_c02,580,0.5167213114754099,0.5057371933362139,0.5010432190760059,40,1479,1481,2060,1441,1440,1,0
1,no_hurst_with_meta,wf_03,logistic_c10,580,0.5138301043219076,0.5059049292932916,0.49661997019374077,40,1479,1481,2060,1441,1440,1,0
1,no_hurst_with_meta,wf_03,random_forest,580,0.4948435171385991,0.4067214901950228,0.5183427719821163,40,1479,1481,2060,1441,1440,1,0
1,no_hurst_with_meta,wf_03,extra_trees,580,0.5005067064083457,0.4248770426780898,0.5079940387481372,40,1479,1481,2060,1441,1440,1,0
1,no_hurst_with_meta,wf_03,hist_gradient_boosting,580,0.5,0.442592705684963,0.5227064083457527,40,1479,1481,2060,1441,1440,1,0
1,no_hurst_with_meta,wf_04,logistic_c02,580,0.5102163461538461,0.510105580693816,0.50703125,40,2059,2061,2640,2021,2020,1,0
1,no_hurst_with_meta,wf_04,logistic_c10,580,0.4939903846153846,0.49370376746981764,0.5056370192307693,40,2059,2061,2640,2021,2020,1,0
1,no_hurst_with_meta,wf_04,random_forest,580,0.5122596153846154,0.4978444930080369,0.5071274038461537,40,2059,2061,2640,2021,2020,1,0
1,no_hurst_with_meta,wf_04,extra_trees,580,0.5277644230769231,0.49153111874761357,0.5178125,40,2059,2061,2640,2021,2020,1,0
1,no_hurst_with_meta,wf_04,hist_gradient_boosting,580,0.5132211538461539,0.5121165479471669,0.5166346153846154,40,2059,2061,2640,2021,2020,1,0
1,no_hurst_with_meta,wf_05,logistic_c02,579,0.495164606593827,0.4911213947481705,0.5026657422239224,40,2639,2641,3219,2601,2600,1,0
1,no_hurst_with_meta,wf_05,logistic_c10,579,0.5001314940110455,0.4965443054995294,0.500872642073302,40,2639,2641,3219,2601,2600,1,0
1,no_hurst_with_meta,wf_05,random_forest,579,0.5151457192722404,0.49666763257026947,0.5202739857030148,40,2639,2641,3219,2601,2600,1,0
1,no_hurst_with_meta,wf_05,extra_trees,579,0.5037953953188132,0.4076308056921016,0.5253066201257561,40,2639,2641,3219,2601,2600,1,0
1,no_hurst_with_meta,wf_05,hist_gradient_boosting,579,0.5168491644153299,0.5163369054154037,0.5070050445884238,40,2639,2641,3219,2601,2600,1,0
1,no_hurst_no_meta,wf_01,logistic_c02,580,0.508185506418722,0.4036864177728158,0.5208028458911851,40,319,321,900,281,280,1,0
1,no_hurst_no_meta,wf_01,logistic_c10,580,0.5079535044199355,0.4440478079221535,0.51335498685322,40,319,321,900,281,280,1,0
1,no_hurst_no_meta,wf_01,random_forest,580,0.4796849531831864,0.4240953221535746,0.48575269776683205,40,319,321,900,281,280,1,0
1,no_hurst_no_meta,wf_01,extra_trees,580,0.4827723643978061,0.4791377638547028,0.4930220937288075,40,319,321,900,281,280,1,0
1,no_hurst_no_meta,wf_01,hist_gradient_boosting,580,0.47681764642895386,0.4109655891003574,0.48488417746368273,40,319,321,900,281,280,1,0
1,no_hurst_no_meta,wf_02,logistic_c02,580,0.5302287289257974,0.530090193134837,0.5432699764947322,40,899,901,1480,861,860,1,0
1,no_hurst_no_meta,wf_02,logistic_c10,580,0.5302287289257974,0.530090193134837,0.5468852537256446,40,899,901,1480,861,860,1,0
1,no_hurst_no_meta,wf_02,random_forest,580,0.5259572132536302,0.5259572132536302,0.5500351982436673,40,899,901,1480,861,860,1,0
1,no_hurst_no_meta,wf_02,extra_trees,580,0.5235589600410447,0.49987129987129986,0.5358246530884968,40,899,901,1480,861,860,1,0
1,no_hurst_no_meta,wf_02,hist_gradient_boosting,580,0.5412058083067854,0.5376616578030006,0.560594671343857,40,899,901,1480,861,860,1,0
1,no_hurst_no_meta,wf_03,logistic_c02,580,0.5167213114754099,0.5057371933362139,0.5010432190760059,40,1479,1481,2060,1441,1440,1,0
1,no_hurst_no_meta,wf_03,logistic_c10,580,0.5138301043219076,0.5059049292932916,0.49661997019374077,40,1479,1481,2060,1441,1440,1,0
1,no_hurst_no_meta,wf_03,random_forest,580,0.4948435171385991,0.4067214901950228,0.5183427719821163,40,1479,1481,2060,1441,1440,1,0
1,no_hurst_no_meta,wf_03,extra_trees,580,0.5005067064083457,0.4248770426780898,0.5079940387481372,40,1479,1481,2060,1441,1440,1,0
1,no_hurst_no_meta,wf_03,hist_gradient_boosting,580,0.5,0.442592705684963,0.5227064083457527,40,1479,1481,2060,1441,1440,1,0
1,no_hurst_no_meta,wf_04,logistic_c02,580,0.5102163461538461,0.510105580693816,0.50703125,40,2059,2061,2640,2021,2020,1,0
1,no_hurst_no_meta,wf_04,logistic_c10,580,0.4939903846153846,0.49370376746981764,0.5056370192307693,40,2059,2061,2640,2021,2020,1,0
1,no_hurst_no_meta,wf_04,random_forest,580,0.5122596153846154,0.4978444930080369,0.5071274038461537,40,2059,2061,2640,2021,2020,1,0
1,no_hurst_no_meta,wf_04,extra_trees,580,0.5277644230769231,0.49153111874761357,0.5178125,40,2059,2061,2640,2021,2020,1,0
1,no_hurst_no_meta,wf_04,hist_gradient_boosting,580,0.5132211538461539,0.5121165479471669,0.5166346153846154,40,2059,2061,2640,2021,2020,1,0
1,no_hurst_no_meta,wf_05,logistic_c02,579,0.495164606593827,0.4911213947481705,0.5026657422239224,40,2639,2641,3219,2601,2600,1,0
1,no_hurst_no_meta,wf_05,logistic_c10,579,0.5001314940110455,0.4965443054995294,0.500872642073302,40,2639,2641,3219,2601,2600,1,0
1,no_hurst_no_meta,wf_05,random_forest,579,0.5151457192722404,0.49666763257026947,0.5202739857030148,40,2639,2641,3219,2601,2600,1,0
1,no_hurst_no_meta,wf_05,extra_trees,579,0.5037953953188132,0.4076308056921016,0.5253066201257561,40,2639,2641,3219,2601,2600,1,0
1,no_hurst_no_meta,wf_05,hist_gradient_boosting,579,0.5168491644153299,0.5163369054154037,0.5070050445884238,40,2639,2641,3219,2601,2600,1,0
1,legacy_hurst_no_meta,wf_01,logistic_c02,580,0.5113026614793399,0.41528790843859337,0.5109516840965604,40,319,321,900,281,280,1,0
1,legacy_hurst_no_meta,wf_01,logistic_c10,580,0.507620373344755,0.44929016711194925,0.5049434272049113,40,319,321,900,281,280,1,0
1,legacy_hurst_no_meta,wf_01,random_forest,580,0.48001808425836695,0.4189061763319189,0.4866331156083806,40,319,321,900,281,280,1,0
1,legacy_hurst_no_meta,wf_01,extra_trees,580,0.4947888781811043,0.4827299523845514,0.4838966817765404,40,319,321,900,281,280,1,0
1,legacy_hurst_no_meta,wf_01,hist_gradient_boosting,580,0.4726178153739991,0.41907051282051283,0.4686678326254298,40,319,321,900,281,280,1,0
1,legacy_hurst_no_meta,wf_02,logistic_c02,580,0.5151710396010071,0.5151602001456907,0.5361348748970899,40,899,901,1480,861,860,1,0
1,legacy_hurst_no_meta,wf_02,logistic_c10,580,0.5210771855722995,0.5208562808294621,0.5291787474197898,40,899,901,1480,861,860,1,0
1,legacy_hurst_no_meta,wf_02,random_forest,580,0.5127310257603417,0.5125831775700934,0.5308730357590292,40,899,901,1480,861,860,1,0
1,legacy_hurst_no_meta,wf_02,extra_trees,580,0.5361766355251697,0.515390156062425,0.5440097361921467,40,899,901,1480,861,860,1,0
1,legacy_hurst_no_meta,wf_02,hist_gradient_boosting,580,0.5424228323251125,0.5370006314710893,0.5548674994929067,40,899,901,1480,861,860,1,0
1,legacy_hurst_no_meta,wf_03,logistic_c02,580,0.4820864381520119,0.4581822178261347,0.4796542473919523,40,1479,1481,2060,1441,1440,1,0
1,legacy_hurst_no_meta,wf_03,logistic_c10,580,0.47847988077496273,0.4621697460665537,0.47778241430700447,40,1479,1481,2060,1441,1440,1,0
1,legacy_hurst_no_meta,wf_03,random_forest,580,0.48283159463487335,0.3922486261746165,0.5091743666169896,40,1479,1481,2060,1441,1440,1,0
1,legacy_hurst_no_meta,wf_03,extra_trees,580,0.4913859910581222,0.4028183421042006,0.49929061102831596,40,1479,1481,2060,1441,1440,1,0
1,legacy_hurst_no_meta,wf_03,hist_gradient_boosting,580,0.482354694485842,0.42626650660264104,0.5118807749627422,40,1479,1481,2060,1441,1440,1,0
1,legacy_hurst_no_meta,wf_04,logistic_c02,580,0.4987980769230769,0.4971862329483333,0.5083052884615384,40,2059,2061,2640,2021,2020,1,0
1,legacy_hurst_no_meta,wf_04,logistic_c10,580,0.5019230769230769,0.5004753262466511,0.5064663461538462,40,2059,2061,2640,2021,2020,1,0
1,legacy_hurst_no_meta,wf_04,random_forest,580,0.4868990384615385,0.46813866513233604,0.4999158653846154,40,2059,2061,2640,2021,2020,1,0
1,legacy_hurst_no_meta,wf_04,extra_trees,580,0.5260817307692307,0.48484056857472146,0.5349278846153847,40,2059,2061,2640,2021,2020,1,0
1,legacy_hurst_no_meta,wf_04,hist_gradient_boosting,580,0.5079326923076923,0.504841228526809,0.5232932692307692,40,2059,2061,2640,2021,2020,1,0
1,legacy_hurst_no_meta,wf_05,logistic_c02,579,0.4849319817342865,0.4805622009569378,0.5015062041265211,40,2639,2641,3219,2601,2600,1,0
1,legacy_hurst_no_meta,wf_05,logistic_c10,579,0.4918533483156813,0.48748803827751197,0.49936643794678076,40,2639,2641,3219,2601,2600,1,0
1,legacy_hurst_no_meta,wf_05,random_forest,579,0.5261254691945394,0.505090301925522,0.533028904774428,40,2639,2641,3219,2601,2600,1,0
1,legacy_hurst_no_meta,wf_05,extra_trees,579,0.5111650369378631,0.4103685218461196,0.5321323546991178,40,2639,2641,3219,2601,2600,1,0
1,legacy_hurst_no_meta,wf_05,hist_gradient_boosting,579,0.504662060391613,0.5042231418026892,0.5168312334138236,40,2639,2641,3219,2601,2600,1,0
5,dfa_hurst_with_meta,wf_01,logistic_c02,579,0.4908470369221223,0.3962202159876579,0.5440344638296857,40,319,325,903,285,280,5,0
5,dfa_hurst_with_meta,wf_01,logistic_c10,579,0.49975536408983506,0.4188881545127414,0.545633547340032,40,319,325,903,285,280,5,0
5,dfa_hurst_with_meta,wf_01,random_forest,579,0.5033354017995656,0.4281927335100577,0.5252392658536003,40,319,325,903,285,280,5,0
5,dfa_hurst_with_meta,wf_01,extra_trees,579,0.5291832740638202,0.4558270676691729,0.5620062531325329,40,319,325,903,285,280,5,0
5,dfa_hurst_with_meta,wf_01,hist_gradient_boosting,579,0.5046659824816822,0.41276212787840694,0.5323277405188668,40,319,325,903,285,280,5,0
5,dfa_hurst_with_meta,wf_02,logistic_c02,578,0.5308096892491797,0.5301514039804054,0.5338255163095927,40,898,904,1481,864,859,5,0
5,dfa_hurst_with_meta,wf_02,logistic_c10,578,0.540026056745802,0.5396360248260523,0.5578676896352055,40,898,904,1481,864,859,5,0
5,dfa_hurst_with_meta,wf_02,random_forest,578,0.5122201312487937,0.512206884079812,0.5401104999034936,40,898,904,1481,864,859,5,0
5,dfa_hurst_with_meta,wf_02,extra_trees,578,0.536177861416715,0.5209105363817854,0.5723436595251882,40,898,904,1481,864,859,5,0
5,dfa_hurst_with_meta,wf_02,hist_gradient_boosting,578,0.5001326963906582,0.4965382853961441,0.5243920092646207,40,898,904,1481,864,859,5,0
5,dfa_hurst_with_meta,wf_03,logistic_c02,578,0.4575889380159843,0.45392441860465116,0.46665947733563395,40,1476,1482,2059,1442,1437,5,0
5,dfa_hurst_with_meta,wf_03,logistic_c10,578,0.46600644643349265,0.46162411444348367,0.4692596187258109,40,1476,1482,2059,1442,1437,5,0
5,dfa_hurst_with_meta,wf_03,random_forest,578,0.5170387145476114,0.4375416133162612,0.49145068718022455,40,1476,1482,2059,1442,1437,5,0
5,dfa_hurst_with_meta,wf_03,extra_trees,578,0.5095378458367782,0.4387086151685299,0.4829792587799705,40,1476,1482,2059,1442,1437,5,0
5,dfa_hurst_with_meta,wf_03,hist_gradient_boosting,578,0.5182429274955965,0.44770876791602177,0.5051104161424447,40,1476,1482,2059,1442,1437,5,0
5,dfa_hurst_with_meta,wf_04,logistic_c02,578,0.5334768674907507,0.5332963510848127,0.5546729029783337,40,2054,2060,2637,2020,2015,5,0
5,dfa_hurst_with_meta,wf_04,logistic_c10,578,0.5329076803147852,0.5328195488721805,0.550008042862269,40,2054,2060,2637,2020,2015,5,0
5,dfa_hurst_with_meta,wf_04,random_forest,578,0.5605318188005,0.5337297838714805,0.5667124491134292,40,2054,2060,2637,2020,2015,5,0
5,dfa_hurst_with_meta,wf_04,extra_trees,578,0.5019859682987491,0.44912023460410555,0.5561824863580682,40,2054,2060,2637,2020,2015,5,0
5,dfa_hurst_with_meta,wf_04,hist_gradient_boosting,578,0.5598574557333235,0.5463651940520268,0.5795562814754323,40,2054,2060,2637,2020,2015,5,0
5,dfa_hurst_with_meta,wf_05,logistic_c02,578,0.4584459256590404,0.458112556498402,0.46267939710562656,40,2632,2638,3215,2598,2593,5,0
5,dfa_hurst_with_meta,wf_05,logistic_c10,578,0.4564222662583318,0.45622003835091085,0.4584879601273044,40,2632,2638,3215,2598,2593,5,0
5,dfa_hurst_with_meta,wf_05,random_forest,578,0.4727016153245661,0.4678626157938457,0.49234372185191855,40,2632,2638,3215,2598,2593,5,0
5,dfa_hurst_with_meta,wf_05,extra_trees,578,0.5419924337957125,0.5103647598166234,0.5394703656998738,40,2632,2638,3215,2598,2593,5,0
5,dfa_hurst_with_meta,wf_05,hist_gradient_boosting,578,0.4658740166936888,0.4658745874587459,0.46326787966132227,40,2632,2638,3215,2598,2593,5,0
5,dfa_hurst_no_meta,wf_01,logistic_c02,579,0.4908470369221223,0.3962202159876579,0.5440344638296857,40,319,325,903,285,280,5,0
5,dfa_hurst_no_meta,wf_01,logistic_c10,579,0.49975536408983506,0.4188881545127414,0.545633547340032,40,319,325,903,285,280,5,0
5,dfa_hurst_no_meta,wf_01,random_forest,579,0.5033354017995656,0.4281927335100577,0.5252392658536003,40,319,325,903,285,280,5,0
5,dfa_hurst_no_meta,wf_01,extra_trees,579,0.5291832740638202,0.4558270676691729,0.5620062531325329,40,319,325,903,285,280,5,0
5,dfa_hurst_no_meta,wf_01,hist_gradient_boosting,579,0.5046659824816822,0.41276212787840694,0.5323277405188668,40,319,325,903,285,280,5,0
5,dfa_hurst_no_meta,wf_02,logistic_c02,578,0.5308096892491797,0.5301514039804054,0.5338255163095927,40,898,904,1481,864,859,5,0
5,dfa_hurst_no_meta,wf_02,logistic_c10,578,0.540026056745802,0.5396360248260523,0.5578676896352055,40,898,904,1481,864,859,5,0
5,dfa_hurst_no_meta,wf_02,random_forest,578,0.5122201312487937,0.512206884079812,0.5401104999034936,40,898,904,1481,864,859,5,0
5,dfa_hurst_no_meta,wf_02,extra_trees,578,0.536177861416715,0.5209105363817854,0.5723436595251882,40,898,904,1481,864,859,5,0
5,dfa_hurst_no_meta,wf_02,hist_gradient_boosting,578,0.5001326963906582,0.4965382853961441,0.5243920092646207,40,898,904,1481,864,859,5,0
5,dfa_hurst_no_meta,wf_03,logistic_c02,578,0.4575889380159843,0.45392441860465116,0.46665947733563395,40,1476,1482,2059,1442,1437,5,0
5,dfa_hurst_no_meta,wf_03,logistic_c10,578,0.46600644643349265,0.46162411444348367,0.4692596187258109,40,1476,1482,2059,1442,1437,5,0
5,dfa_hurst_no_meta,wf_03,random_forest,578,0.5170387145476114,0.4375416133162612,0.49145068718022455,40,1476,1482,2059,1442,1437,5,0
5,dfa_hurst_no_meta,wf_03,extra_trees,578,0.5095378458367782,0.4387086151685299,0.4829792587799705,40,1476,1482,2059,1442,1437,5,0
5,dfa_hurst_no_meta,wf_03,hist_gradient_boosting,578,0.5182429274955965,0.44770876791602177,0.5051104161424447,40,1476,1482,2059,1442,1437,5,0
5,dfa_hurst_no_meta,wf_04,logistic_c02,578,0.5334768674907507,0.5332963510848127,0.5546729029783337,40,2054,2060,2637,2020,2015,5,0
5,dfa_hurst_no_meta,wf_04,logistic_c10,578,0.5329076803147852,0.5328195488721805,0.550008042862269,40,2054,2060,2637,2020,2015,5,0
5,dfa_hurst_no_meta,wf_04,random_forest,578,0.5605318188005,0.5337297838714805,0.5667124491134292,40,2054,2060,2637,2020,2015,5,0
5,dfa_hurst_no_meta,wf_04,extra_trees,578,0.5019859682987491,0.44912023460410555,0.5561824863580682,40,2054,2060,2637,2020,2015,5,0
5,dfa_hurst_no_meta,wf_04,hist_gradient_boosting,578,0.5598574557333235,0.5463651940520268,0.5795562814754323,40,2054,2060,2637,2020,2015,5,0
5,dfa_hurst_no_meta,wf_05,logistic_c02,578,0.4584459256590404,0.458112556498402,0.46267939710562656,40,2632,2638,3215,2598,2593,5,0
5,dfa_hurst_no_meta,wf_05,logistic_c10,578,0.4564222662583318,0.45622003835091085,0.4584879601273044,40,2632,2638,3215,2598,2593,5,0
5,dfa_hurst_no_meta,wf_05,random_forest,578,0.4727016153245661,0.4678626157938457,0.49234372185191855,40,2632,2638,3215,2598,2593,5,0
5,dfa_hurst_no_meta,wf_05,extra_trees,578,0.5419924337957125,0.5103647598166234,0.5394703656998738,40,2632,2638,3215,2598,2593,5,0
5,dfa_hurst_no_meta,wf_05,hist_gradient_boosting,578,0.4658740166936888,0.4658745874587459,0.46326787966132227,40,2632,2638,3215,2598,2593,5,0
5,no_hurst_with_meta,wf_01,logistic_c02,579,0.5015453829447003,0.42357978279030906,0.5459796176519727,40,319,325,903,285,280,5,0
5,no_hurst_with_meta,wf_01,logistic_c10,579,0.5159908351034631,0.46260016025641026,0.5486169120981408,40,319,325,903,285,280,5,0
5,no_hurst_with_meta,wf_01,random_forest,579,0.5048330509081362,0.42041224904128127,0.5432110551564476,40,319,325,903,285,280,5,0
5,no_hurst_with_meta,wf_01,extra_trees,579,0.5293503424902742,0.46226609796367635,0.5890236043819661,40,319,325,903,285,280,5,0
5,no_hurst_with_meta,wf_01,hist_gradient_boosting,579,0.5029177307334304,0.40970147918939703,0.5396429509057495,40,319,325,903,285,280,5,0
5,no_hurst_with_meta,wf_02,logistic_c02,578,0.5279265585794248,0.527472093313032,0.5219431576915654,40,898,904,1481,864,859,5,0
5,no_hurst_with_meta,wf_02,logistic_c10,578,0.5299531943640223,0.5298944476576055,0.5482773595830921,40,898,904,1481,864,859,5,0
5,no_hurst_with_meta,wf_02,random_forest,578,0.5179019494306119,0.5178386973399305,0.5413288940359005,40,898,904,1481,864,859,5,0
5,no_hurst_with_meta,wf_02,extra_trees,578,0.5338134530013511,0.5238095238095237,0.5787613395097472,40,898,904,1481,864,859,5,0
5,no_hurst_with_meta,wf_02,hist_gradient_boosting,578,0.499445087820884,0.4947552447552448,0.5126544103454932,40,898,904,1481,864,859,5,0
5,no_hurst_with_meta,wf_03,logistic_c02,578,0.49125897168601795,0.4844330400782014,0.4989994847646093,40,1476,1482,2059,1442,1437,5,0
5,no_hurst_with_meta,wf_03,logistic_c10,578,0.49630947673652304,0.48894783377541995,0.4951651748804774,40,1476,1482,2059,1442,1437,5,0
5,no_hurst_with_meta,wf_03,random_forest,578,0.5204057179146148,0.4430253027924667,0.49689061432833675,40,1476,1482,2059,1442,1437,5,0
5,no_hurst_with_meta,wf_03,extra_trees,578,0.5047329762632253,0.45304131505780204,0.49402686413362573,40,1476,1482,2059,1442,1437,5,0
5,no_hurst_with_meta,wf_03,hist_gradient_boosting,578,0.5086751261128486,0.4507997567029968,0.5120001917154942,40,1476,1482,2059,1442,1437,5,0
5,no_hurst_with_meta,wf_04,logistic_c02,578,0.5402699926995558,0.5394986823558252,0.5587067077471325,40,2054,2060,2637,2020,2015,5,0
5,no_hurst_with_meta,wf_04,logistic_c10,578,0.5375168590766795,0.5369655896354546,0.558149894205427,40,2054,2060,2637,2020,2015,5,0
5,no_hurst_with_meta,wf_04,random_forest,578,0.5650048875855327,0.5467128027681661,0.560859720108393,40,2054,2060,2637,2020,2015,5,0
5,no_hurst_with_meta,wf_04,extra_trees,578,0.5340646151181063,0.49009122079433937,0.5546481557098135,40,2054,2060,2637,2020,2015,5,0
5,no_hurst_with_meta,wf_04,hist_gradient_boosting,578,0.5582860041822884,0.5487900078064012,0.5749656631649281,40,2054,2060,2637,2020,2015,5,0
5,no_hurst_with_meta,wf_05,logistic_c02,578,0.4635561160151324,0.4632565273134668,0.4686843211433375,40,2632,2638,3215,2598,2593,5,0
5,no_hurst_with_meta,wf_05,logistic_c10,578,0.46210892932204406,0.46166539388766603,0.4650333273284093,40,2632,2638,3215,2598,2593,5,0
5,no_hurst_with_meta,wf_05,random_forest,578,0.48456134029904524,0.4802158273381295,0.4790368101843512,40,2632,2638,3215,2598,2593,5,0
5,no_hurst_with_meta,wf_05,extra_trees,578,0.5005344382393563,0.46639719550382375,0.5050861706599412,40,2632,2638,3215,2598,2593,5,0
5,no_hurst_with_meta,wf_05,hist_gradient_boosting,578,0.47398066414459855,0.4732452169714527,0.4643607758361857,40,2632,2638,3215,2598,2593,5,0
5,no_hurst_no_meta,wf_01,logistic_c02,579,0.5015453829447003,0.42357978279030906,0.5459796176519727,40,319,325,903,285,280,5,0
5,no_hurst_no_meta,wf_01,logistic_c10,579,0.5159908351034631,0.46260016025641026,0.5486169120981408,40,319,325,903,285,280,5,0
5,no_hurst_no_meta,wf_01,random_forest,579,0.5048330509081362,0.42041224904128127,0.5432110551564476,40,319,325,903,285,280,5,0
5,no_hurst_no_meta,wf_01,extra_trees,579,0.5293503424902742,0.46226609796367635,0.5890236043819661,40,319,325,903,285,280,5,0
5,no_hurst_no_meta,wf_01,hist_gradient_boosting,579,0.5029177307334304,0.40970147918939703,0.5396429509057495,40,319,325,903,285,280,5,0
5,no_hurst_no_meta,wf_02,logistic_c02,578,0.5279265585794248,0.527472093313032,0.5219431576915654,40,898,904,1481,864,859,5,0
5,no_hurst_no_meta,wf_02,logistic_c10,578,0.5299531943640223,0.5298944476576055,0.5482773595830921,40,898,904,1481,864,859,5,0
5,no_hurst_no_meta,wf_02,random_forest,578,0.5179019494306119,0.5178386973399305,0.5413288940359005,40,898,904,1481,864,859,5,0
5,no_hurst_no_meta,wf_02,extra_trees,578,0.5338134530013511,0.5238095238095237,0.5787613395097472,40,898,904,1481,864,859,5,0
5,no_hurst_no_meta,wf_02,hist_gradient_boosting,578,0.499445087820884,0.4947552447552448,0.5126544103454932,40,898,904,1481,864,859,5,0
5,no_hurst_no_meta,wf_03,logistic_c02,578,0.49125897168601795,0.4844330400782014,0.4989994847646093,40,1476,1482,2059,1442,1437,5,0
5,no_hurst_no_meta,wf_03,logistic_c10,578,0.49630947673652304,0.48894783377541995,0.4951651748804774,40,1476,1482,2059,1442,1437,5,0
5,no_hurst_no_meta,wf_03,random_forest,578,0.5204057179146148,0.4430253027924667,0.49689061432833675,40,1476,1482,2059,1442,1437,5,0
5,no_hurst_no_meta,wf_03,extra_trees,578,0.5047329762632253,0.45304131505780204,0.49402686413362573,40,1476,1482,2059,1442,1437,5,0
5,no_hurst_no_meta,wf_03,hist_gradient_boosting,578,0.5086751261128486,0.4507997567029968,0.5120001917154942,40,1476,1482,2059,1442,1437,5,0
5,no_hurst_no_meta,wf_04,logistic_c02,578,0.5402699926995558,0.5394986823558252,0.5587067077471325,40,2054,2060,2637,2020,2015,5,0
5,no_hurst_no_meta,wf_04,logistic_c10,578,0.5375168590766795,0.5369655896354546,0.558149894205427,40,2054,2060,2637,2020,2015,5,0
5,no_hurst_no_meta,wf_04,random_forest,578,0.5650048875855327,0.5467128027681661,0.560859720108393,40,2054,2060,2637,2020,2015,5,0
5,no_hurst_no_meta,wf_04,extra_trees,578,0.5340646151181063,0.49009122079433937,0.5546481557098135,40,2054,2060,2637,2020,2015,5,0
5,no_hurst_no_meta,wf_04,hist_gradient_boosting,578,0.5582860041822884,0.5487900078064012,0.5749656631649281,40,2054,2060,2637,2020,2015,5,0
5,no_hurst_no_meta,wf_05,logistic_c02,578,0.4635561160151324,0.4632565273134668,0.4686843211433375,40,2632,2638,3215,2598,2593,5,0
5,no_hurst_no_meta,wf_05,logistic_c10,578,0.46210892932204406,0.46166539388766603,0.4650333273284093,40,2632,2638,3215,2598,2593,5,0
5,no_hurst_no_meta,wf_05,random_forest,578,0.48456134029904524,0.4802158273381295,0.4790368101843512,40,2632,2638,3215,2598,2593,5,0
5,no_hurst_no_meta,wf_05,extra_trees,578,0.5005344382393563,0.46639719550382375,0.5050861706599412,40,2632,2638,3215,2598,2593,5,0
5,no_hurst_no_meta,wf_05,hist_gradient_boosting,578,0.47398066414459855,0.4732452169714527,0.4643607758361857,40,2632,2638,3215,2598,2593,5,0
5,legacy_hurst_no_meta,wf_01,logistic_c02,579,0.507458411895272,0.4563199893823515,0.538557006133798,40,319,325,903,285,280,5,0
5,legacy_hurst_no_meta,wf_01,logistic_c10,579,0.5356392754003676,0.5017581064661576,0.5398816200863983,40,319,325,903,285,280,5,0
5,legacy_hurst_no_meta,wf_01,random_forest,579,0.515740232463782,0.4540700040700041,0.5468268932432755,40,319,325,903,285,280,5,0
5,legacy_hurst_no_meta,wf_01,extra_trees,579,0.5257285376739302,0.451796157059315,0.56944079810974,40,319,325,903,285,280,5,0
5,legacy_hurst_no_meta,wf_01,hist_gradient_boosting,579,0.5102448745793455,0.43621809865377614,0.552626554333039,40,319,325,903,285,280,5,0
5,legacy_hurst_no_meta,wf_02,logistic_c02,578,0.5152721482339316,0.5145340344726848,0.513281702374059,40,898,904,1481,864,859,5,0
5,legacy_hurst_no_meta,wf_02,logistic_c10,578,0.5443688477127968,0.5442303959627329,0.5477345107122177,40,898,904,1481,864,859,5,0
5,legacy_hurst_no_meta,wf_02,random_forest,578,0.5448031268094962,0.544531466175816,0.5510398571704305,40,898,904,1481,864,859,5,0
5,legacy_hurst_no_meta,wf_02,extra_trees,578,0.5448755066589461,0.5363733973346807,0.5729226983207875,40,898,904,1481,864,859,5,0
5,legacy_hurst_no_meta,wf_02,hist_gradient_boosting,578,0.5150670719938235,0.51205814733212,0.5158994402624976,40,898,904,1481,864,859,5,0
5,legacy_hurst_no_meta,wf_03,logistic_c02,578,0.4812957570964689,0.4805704581999609,0.4821764501479804,40,1476,1482,2059,1442,1437,5,0
5,legacy_hurst_no_meta,wf_03,logistic_c10,578,0.4859628311585607,0.48433299174151545,0.4786057490683825,40,1476,1482,2059,1442,1437,5,0
5,legacy_hurst_no_meta,wf_03,random_forest,578,0.5186263584840097,0.44181934413296875,0.5011083552008819,40,1476,1482,2059,1442,1437,5,0
5,legacy_hurst_no_meta,wf_03,extra_trees,578,0.5156967060881652,0.4571589572232163,0.5006410486837533,40,1476,1482,2059,1442,1437,5,0
5,legacy_hurst_no_meta,wf_03,hist_gradient_boosting,578,0.5315192254694034,0.47120828416488775,0.5181111230933295,40,1476,1482,2059,1442,1437,5,0
5,legacy_hurst_no_meta,wf_04,logistic_c02,578,0.5451328309637824,0.5440023484227651,0.5500575373993095,40,2054,2060,2637,2020,2015,5,0
5,legacy_hurst_no_meta,wf_04,logistic_c10,578,0.539447146021258,0.5384615384615384,0.5485232067510548,40,2054,2060,2637,2020,2015,5,0
5,legacy_hurst_no_meta,wf_04,random_forest,578,0.5609958300852543,0.5314357773374166,0.5694717695534355,40,2054,2060,2637,2020,2015,5,0
5,legacy_hurst_no_meta,wf_04,extra_trees,578,0.517007560290533,0.4749273255813954,0.5507380872836161,40,2054,2060,2637,2020,2015,5,0
5,legacy_hurst_no_meta,wf_04,hist_gradient_boosting,578,0.5458071940309588,0.5389709091456348,0.5542521994134897,40,2054,2060,2637,2020,2015,5,0
5,legacy_hurst_no_meta,wf_05,logistic_c02,578,0.4815889029003783,0.4815676980996235,0.46814387797994356,40,2632,2638,3215,2598,2593,5,0
5,legacy_hurst_no_meta,wf_05,logistic_c10,578,0.4744550531435777,0.47445557746149203,0.4646009727976941,40,2632,2638,3215,2598,2593,5,0
5,legacy_hurst_no_meta,wf_05,random_forest,578,0.48330631117516365,0.4780999235049722,0.4883564522908785,40,2632,2638,3215,2598,2593,5,0
5,legacy_hurst_no_meta,wf_05,extra_trees,578,0.5215516723713445,0.48728135932033984,0.5143337536780159,40,2632,2638,3215,2598,2593,5,0
5,legacy_hurst_no_meta,wf_05,hist_gradient_boosting,578,0.4917192097519966,0.4913014648260896,0.4902059688944934,40,2632,2638,3215,2598,2593,5,0
10,dfa_hurst_with_meta,wf_01,logistic_c02,577,0.5178532759077019,0.45539537610157876,0.5265272731647458,40,319,330,906,290,280,10,0
10,dfa_hurst_with_meta,wf_01,logistic_c10,577,0.5197480811337551,0.4339106277948178,0.5276220495175765,40,319,330,906,290,280,10,0
10,dfa_hurst_with_meta,wf_01,random_forest,577,0.4933350978080412,0.44872140145685857,0.5664445032602681,40,319,330,906,290,280,10,0
10,dfa_hurst_with_meta,wf_01,extra_trees,577,0.5674129592646953,0.5667231353325644,0.5653858184355526,40,319,330,906,290,280,10,0
10,dfa_hurst_with_meta,wf_01,hist_gradient_boosting,577,0.4972510286085513,0.40724627688913406,0.5310387141791584,40,319,330,906,290,280,10,0
10,dfa_hurst_with_meta,wf_02,logistic_c02,576,0.5051602455648475,0.49791386835501156,0.5104413399719631,40,896,907,1482,867,857,10,0
10,dfa_hurst_with_meta,wf_02,logistic_c10,576,0.5254386812974332,0.5238173681465008,0.5384541016097066,40,896,907,1482,867,857,10,0
10,dfa_hurst_with_meta,wf_02,random_forest,576,0.5761226857446705,0.5731562197315622,0.611797263982211,40,896,907,1482,867,857,10,0
10,dfa_hurst_with_meta,wf_02,extra_trees,576,0.5604727606709528,0.5492218168966083,0.5987214192488035,40,896,907,1482,867,857,10,0
10,dfa_hurst_with_meta,wf_02,hist_gradient_boosting,576,0.4803378933629816,0.4767350264837702,0.5372576980712525,40,896,907,1482,867,857,10,0
10,dfa_hurst_with_meta,wf_03,logistic_c02,576,0.470835401959241,0.47078663910347074,0.4793601588704697,40,1472,1483,2058,1443,1433,10,0
10,dfa_hurst_with_meta,wf_03,logistic_c10,576,0.4703934223750651,0.4701237191650854,0.48064371601903544,40,1472,1483,2058,1443,1433,10,0
10,dfa_hurst_with_meta,wf_03,random_forest,576,0.5200767712483199,0.4247413127413127,0.495138224574065,40,1472,1483,2058,1443,1433,10,0
10,dfa_hurst_with_meta,wf_03,extra_trees,576,0.5158991560006296,0.42547259413584976,0.5001755809307,40,1472,1483,2058,1443,1433,10,0
10,dfa_hurst_with_meta,wf_03,hist_gradient_boosting,576,0.5375319375658428,0.4572986069049061,0.4891563639005606,40,1472,1483,2058,1443,1433,10,0
10,dfa_hurst_with_meta,wf_04,logistic_c02,576,0.4794944925255704,0.4794867160672329,0.4726716168371361,40,2048,2059,2634,2019,2009,10,0
10,dfa_hurst_with_meta,wf_04,logistic_c10,576,0.45992328874901656,0.4592487707241806,0.464705448465775,40,2048,2059,2634,2019,2009,10,0
10,dfa_hurst_with_meta,wf_04,random_forest,576,0.5118509047993706,0.5017346092984704,0.5019300747442959,40,2048,2059,2634,2019,2009,10,0
10,dfa_hurst_with_meta,wf_04,extra_trees,576,0.5214398111723053,0.4840736196319019,0.5117525570416994,40,2048,2059,2634,2019,2009,10,0
10,dfa_hurst_with_meta,wf_04,hist_gradient_boosting,576,0.4956235247836349,0.49530912743359046,0.5135474036191975,40,2048,2059,2634,2019,2009,10,0
10,dfa_hurst_with_meta,wf_05,logistic_c02,576,0.4567481993522502,0.456398968807948,0.4407478126359549,40,2624,2635,3210,2595,2585,10,0
10,dfa_hurst_with_meta,wf_05,logistic_c10,576,0.44796248851936,0.4476769431176726,0.43701358340987095,40,2624,2635,3210,2595,2585,10,0
10,dfa_hurst_with_meta,wf_05,random_forest,576,0.48547396915937546,0.48201438848920863,0.4856189877700972,40,2624,2635,3210,2595,2585,10,0
10,dfa_hurst_with_meta,wf_05,extra_trees,576,0.5451249577029051,0.5177687809266757,0.5258012278242374,40,2624,2635,3210,2595,2585,10,0
10,dfa_hurst_with_meta,wf_05,hist_gradient_boosting,576,0.49847730458742207,0.4984520123839009,0.5093416155073234,40,2624,2635,3210,2595,2585,10,0
10,dfa_hurst_no_meta,wf_01,logistic_c02,577,0.5178532759077019,0.45539537610157876,0.5265272731647458,40,319,330,906,290,280,10,0
10,dfa_hurst_no_meta,wf_01,logistic_c10,577,0.5197480811337551,0.4339106277948178,0.5276220495175765,40,319,330,906,290,280,10,0
10,dfa_hurst_no_meta,wf_01,random_forest,577,0.4933350978080412,0.44872140145685857,0.5664445032602681,40,319,330,906,290,280,10,0
10,dfa_hurst_no_meta,wf_01,extra_trees,577,0.5674129592646953,0.5667231353325644,0.5653858184355526,40,319,330,906,290,280,10,0
10,dfa_hurst_no_meta,wf_01,hist_gradient_boosting,577,0.4972510286085513,0.40724627688913406,0.5310387141791584,40,319,330,906,290,280,10,0
10,dfa_hurst_no_meta,wf_02,logistic_c02,576,0.5051602455648475,0.49791386835501156,0.5104413399719631,40,896,907,1482,867,857,10,0
10,dfa_hurst_no_meta,wf_02,logistic_c10,576,0.5254386812974332,0.5238173681465008,0.5384541016097066,40,896,907,1482,867,857,10,0
10,dfa_hurst_no_meta,wf_02,random_forest,576,0.5761226857446705,0.5731562197315622,0.611797263982211,40,896,907,1482,867,857,10,0
10,dfa_hurst_no_meta,wf_02,extra_trees,576,0.5604727606709528,0.5492218168966083,0.5987214192488035,40,896,907,1482,867,857,10,0
10,dfa_hurst_no_meta,wf_02,hist_gradient_boosting,576,0.4803378933629816,0.4767350264837702,0.5372576980712525,40,896,907,1482,867,857,10,0
10,dfa_hurst_no_meta,wf_03,logistic_c02,576,0.470835401959241,0.47078663910347074,0.4793601588704697,40,1472,1483,2058,1443,1433,10,0
10,dfa_hurst_no_meta,wf_03,logistic_c10,576,0.4703934223750651,0.4701237191650854,0.48064371601903544,40,1472,1483,2058,1443,1433,10,0
10,dfa_hurst_no_meta,wf_03,random_forest,576,0.5200767712483199,0.4247413127413127,0.495138224574065,40,1472,1483,2058,1443,1433,10,0
10,dfa_hurst_no_meta,wf_03,extra_trees,576,0.5158991560006296,0.42547259413584976,0.5001755809307,40,1472,1483,2058,1443,1433,10,0
10,dfa_hurst_no_meta,wf_03,hist_gradient_boosting,576,0.5375319375658428,0.4572986069049061,0.4891563639005606,40,1472,1483,2058,1443,1433,10,0
10,dfa_hurst_no_meta,wf_04,logistic_c02,576,0.4794944925255704,0.4794867160672329,0.4726716168371361,40,2048,2059,2634,2019,2009,10,0
10,dfa_hurst_no_meta,wf_04,logistic_c10,576,0.45992328874901656,0.4592487707241806,0.464705448465775,40,2048,2059,2634,2019,2009,10,0
10,dfa_hurst_no_meta,wf_04,random_forest,576,0.5118509047993706,0.5017346092984704,0.5019300747442959,40,2048,2059,2634,2019,2009,10,0
10,dfa_hurst_no_meta,wf_04,extra_trees,576,0.5214398111723053,0.4840736196319019,0.5117525570416994,40,2048,2059,2634,2019,2009,10,0
10,dfa_hurst_no_meta,wf_04,hist_gradient_boosting,576,0.4956235247836349,0.49530912743359046,0.5135474036191975,40,2048,2059,2634,2019,2009,10,0
10,dfa_hurst_no_meta,wf_05,logistic_c02,576,0.4567481993522502,0.456398968807948,0.4407478126359549,40,2624,2635,3210,2595,2585,10,0
10,dfa_hurst_no_meta,wf_05,logistic_c10,576,0.44796248851936,0.4476769431176726,0.43701358340987095,40,2624,2635,3210,2595,2585,10,0
10,dfa_hurst_no_meta,wf_05,random_forest,576,0.48547396915937546,0.48201438848920863,0.4856189877700972,40,2624,2635,3210,2595,2585,10,0
10,dfa_hurst_no_meta,wf_05,extra_trees,576,0.5451249577029051,0.5177687809266757,0.5258012278242374,40,2624,2635,3210,2595,2585,10,0
10,dfa_hurst_no_meta,wf_05,hist_gradient_boosting,576,0.49847730458742207,0.4984520123839009,0.5093416155073234,40,2624,2635,3210,2595,2585,10,0
10,no_hurst_with_meta,wf_01,logistic_c02,577,0.5124575924544645,0.4515643564356435,0.5270686460864754,40,319,330,906,290,280,10,0
10,no_hurst_with_meta,wf_01,logistic_c10,577,0.5133418348932894,0.4422875553765606,0.5263588460335411,40,319,330,906,290,280,10,0
10,no_hurst_with_meta,wf_01,random_forest,577,0.49693222011019944,0.45139406398560966,0.572640215586728,40,319,330,906,290,280,10,0
10,no_hurst_with_meta,wf_01,extra_trees,577,0.5155133418348933,0.4989121528939188,0.5566877601597652,40,319,330,906,290,280,10,0
10,no_hurst_with_meta,wf_01,hist_gradient_boosting,577,0.5026467120617887,0.4106720585536771,0.5286566733235485,40,319,330,906,290,280,10,0
10,no_hurst_with_meta,wf_02,logistic_c02,576,0.4823560690288587,0.4808472284812979,0.49464639628752355,40,896,907,1482,867,857,10,0
10,no_hurst_with_meta,wf_02,logistic_c10,576,0.5180064774979456,0.5174825174825175,0.5313723594527965,40,896,907,1482,867,857,10,0
10,no_hurst_with_meta,wf_02,random_forest,576,0.5834582104703436,0.5828627069133399,0.6100691255377773,40,896,907,1482,867,857,10,0
10,no_hurst_with_meta,wf_02,extra_trees,576,0.5583458210470343,0.5507580957134834,0.6011142263257118,40,896,907,1482,867,857,10,0
10,no_hurst_with_meta,wf_02,hist_gradient_boosting,576,0.4750326291874124,0.47158514798899137,0.5262362836564026,40,896,907,1482,867,857,10,0
10,no_hurst_with_meta,wf_03,logistic_c02,576,0.48997372340554357,0.48542017650968333,0.5030454209704176,40,1472,1483,2058,1443,1433,10,0
10,no_hurst_with_meta,wf_03,logistic_c10,576,0.493000980831406,0.4878032910819796,0.5000302725742587,40,1472,1483,2058,1443,1433,10,0
10,no_hurst_with_meta,wf_03,random_forest,576,0.5196166281195888,0.4278673024606867,0.4976932298414928,40,1472,1483,2058,1443,1433,10,0
10,no_hurst_with_meta,wf_03,extra_trees,576,0.5189264134264922,0.4323777916998256,0.4942300473463061,40,1472,1483,2058,1443,1433,10,0
10,no_hurst_with_meta,wf_03,hist_gradient_boosting,576,0.539620745189688,0.45718194254445965,0.48023200900911805,40,1472,1483,2058,1443,1433,10,0
10,no_hurst_with_meta,wf_04,logistic_c02,576,0.4792486231313926,0.47747093932606766,0.48618214004720695,40,2048,2059,2634,2019,2009,10,0
10,no_hurst_with_meta,wf_04,logistic_c10,576,0.48677222659323366,0.485930187359092,0.4804165027537372,40,2048,2059,2634,2019,2009,10,0
10,no_hurst_with_meta,wf_04,random_forest,576,0.5023111723052714,0.49466829466829465,0.5048559205350118,40,2048,2059,2634,2019,2009,10,0
10,no_hurst_with_meta,wf_04,extra_trees,576,0.5509933123524784,0.5266246349518273,0.5330325531077891,40,2048,2059,2634,2019,2009,10,0
10,no_hurst_with_meta,wf_04,hist_gradient_boosting,576,0.4955743509047994,0.49487838446828986,0.5238985051140834,40,2048,2059,2634,2019,2009,10,0
10,no_hurst_with_meta,wf_05,logistic_c02,576,0.45840382849132305,0.4580981328701693,0.44903804321554597,40,2624,2635,3210,2595,2585,10,0
10,no_hurst_with_meta,wf_05,logistic_c10,576,0.451442935176681,0.45115067303517153,0.4446270604727607,40,2624,2635,3210,2595,2585,10,0
10,no_hurst_with_meta,wf_05,random_forest,576,0.4957461207521632,0.49256000868904093,0.4832624353458694,40,2624,2635,3210,2595,2585,10,0
10,no_hurst_with_meta,wf_05,extra_trees,576,0.5404601923913569,0.5184244751346999,0.5148885773674288,40,2624,2635,3210,2595,2585,10,0
10,no_hurst_with_meta,wf_05,hist_gradient_boosting,576,0.5130758447334075,0.5130434782608696,0.5093899550442307,40,2624,2635,3210,2595,2585,10,0
10,no_hurst_no_meta,wf_01,logistic_c02,577,0.5124575924544645,0.4515643564356435,0.5270686460864754,40,319,330,906,290,280,10,0
10,no_hurst_no_meta,wf_01,logistic_c10,577,0.5133418348932894,0.4422875553765606,0.5263588460335411,40,319,330,906,290,280,10,0
10,no_hurst_no_meta,wf_01,random_forest,577,0.49693222011019944,0.45139406398560966,0.572640215586728,40,319,330,906,290,280,10,0
10,no_hurst_no_meta,wf_01,extra_trees,577,0.5155133418348933,0.4989121528939188,0.5566877601597652,40,319,330,906,290,280,10,0
10,no_hurst_no_meta,wf_01,hist_gradient_boosting,577,0.5026467120617887,0.4106720585536771,0.5286566733235485,40,319,330,906,290,280,10,0
10,no_hurst_no_meta,wf_02,logistic_c02,576,0.4823560690288587,0.4808472284812979,0.49464639628752355,40,896,907,1482,867,857,10,0
10,no_hurst_no_meta,wf_02,logistic_c10,576,0.5180064774979456,0.5174825174825175,0.5313723594527965,40,896,907,1482,867,857,10,0
10,no_hurst_no_meta,wf_02,random_forest,576,0.5834582104703436,0.5828627069133399,0.6100691255377773,40,896,907,1482,867,857,10,0
10,no_hurst_no_meta,wf_02,extra_trees,576,0.5583458210470343,0.5507580957134834,0.6011142263257118,40,896,907,1482,867,857,10,0
10,no_hurst_no_meta,wf_02,hist_gradient_boosting,576,0.4750326291874124,0.47158514798899137,0.5262362836564026,40,896,907,1482,867,857,10,0
10,no_hurst_no_meta,wf_03,logistic_c02,576,0.48997372340554357,0.48542017650968333,0.5030454209704176,40,1472,1483,2058,1443,1433,10,0
10,no_hurst_no_meta,wf_03,logistic_c10,576,0.493000980831406,0.4878032910819796,0.5000302725742587,40,1472,1483,2058,1443,1433,10,0
10,no_hurst_no_meta,wf_03,random_forest,576,0.5196166281195888,0.4278673024606867,0.4976932298414928,40,1472,1483,2058,1443,1433,10,0
10,no_hurst_no_meta,wf_03,extra_trees,576,0.5189264134264922,0.4323777916998256,0.4942300473463061,40,1472,1483,2058,1443,1433,10,0
10,no_hurst_no_meta,wf_03,hist_gradient_boosting,576,0.539620745189688,0.45718194254445965,0.48023200900911805,40,1472,1483,2058,1443,1433,10,0
10,no_hurst_no_meta,wf_04,logistic_c02,576,0.4792486231313926,0.47747093932606766,0.48618214004720695,40,2048,2059,2634,2019,2009,10,0
10,no_hurst_no_meta,wf_04,logistic_c10,576,0.48677222659323366,0.485930187359092,0.4804165027537372,40,2048,2059,2634,2019,2009,10,0
10,no_hurst_no_meta,wf_04,random_forest,576,0.5023111723052714,0.49466829466829465,0.5048559205350118,40,2048,2059,2634,2019,2009,10,0
10,no_hurst_no_meta,wf_04,extra_trees,576,0.5509933123524784,0.5266246349518273,0.5330325531077891,40,2048,2059,2634,2019,2009,10,0
10,no_hurst_no_meta,wf_04,hist_gradient_boosting,576,0.4955743509047994,0.49487838446828986,0.5238985051140834,40,2048,2059,2634,2019,2009,10,0
10,no_hurst_no_meta,wf_05,logistic_c02,576,0.45840382849132305,0.4580981328701693,0.44903804321554597,40,2624,2635,3210,2595,2585,10,0
10,no_hurst_no_meta,wf_05,logistic_c10,576,0.451442935176681,0.45115067303517153,0.4446270604727607,40,2624,2635,3210,2595,2585,10,0
10,no_hurst_no_meta,wf_05,random_forest,576,0.4957461207521632,0.49256000868904093,0.4832624353458694,40,2624,2635,3210,2595,2585,10,0
10,no_hurst_no_meta,wf_05,extra_trees,576,0.5404601923913569,0.5184244751346999,0.5148885773674288,40,2624,2635,3210,2595,2585,10,0
10,no_hurst_no_meta,wf_05,hist_gradient_boosting,576,0.5130758447334075,0.5130434782608696,0.5093899550442307,40,2624,2635,3210,2595,2585,10,0
10,legacy_hurst_no_meta,wf_01,logistic_c02,577,0.49986766439691055,0.4425997059333995,0.5080363802603401,40,319,330,906,290,280,10,0
10,legacy_hurst_no_meta,wf_01,logistic_c10,577,0.5116695940906137,0.43964581548129106,0.5192006929573398,40,319,330,906,290,280,10,0
10,legacy_hurst_no_meta,wf_01,random_forest,577,0.49614422174634876,0.4412214487177397,0.5895551117634321,40,319,330,906,290,280,10,0
10,legacy_hurst_no_meta,wf_01,extra_trees,577,0.52053006424292,0.5049759780370625,0.5487716849931427,40,319,330,906,290,280,10,0
10,legacy_hurst_no_meta,wf_01,hist_gradient_boosting,577,0.4913199874882702,0.38469632768361584,0.4903876230119584,40,319,330,906,290,280,10,0
10,legacy_hurst_no_meta,wf_02,logistic_c02,576,0.4545124957702905,0.45278491650731395,0.47709914439019674,40,896,907,1482,867,857,10,0
10,legacy_hurst_no_meta,wf_02,logistic_c10,576,0.5244235510223811,0.5213995971191258,0.512664958669696,40,896,907,1482,867,857,10,0
10,legacy_hurst_no_meta,wf_02,random_forest,576,0.5894039735099338,0.5880080207365384,0.6183231014646879,40,896,907,1482,867,857,10,0
10,legacy_hurst_no_meta,wf_02,extra_trees,576,0.5444240344177503,0.5363823547763149,0.5869869966645719,40,896,907,1482,867,857,10,0
10,legacy_hurst_no_meta,wf_02,hist_gradient_boosting,576,0.5369676608498091,0.5363451363451364,0.5566055977183739,40,896,907,1482,867,857,10,0
10,legacy_hurst_no_meta,wf_03,logistic_c02,576,0.45619558504777014,0.4562091503267974,0.4614266858796605,40,1472,1483,2058,1443,1433,10,0
10,legacy_hurst_no_meta,wf_03,logistic_c10,576,0.4608515069687466,0.46080976688529063,0.46162043035491573,40,1472,1483,2058,1443,1433,10,0
10,legacy_hurst_no_meta,wf_03,random_forest,576,0.5298487582190039,0.4411593492447685,0.501628664495114,40,1472,1483,2058,1443,1433,10,0
10,legacy_hurst_no_meta,wf_03,extra_trees,576,0.513580276812419,0.4272649792340264,0.5134349684559776,40,1472,1483,2058,1443,1433,10,0
10,legacy_hurst_no_meta,wf_03,hist_gradient_boosting,576,0.5289103084169865,0.4338424315741721,0.5121514113074119,40,1472,1483,2058,1443,1433,10,0
10,legacy_hurst_no_meta,wf_04,logistic_c02,576,0.4801337529504327,0.4797842331865195,0.4862067269866247,40,2048,2059,2634,2019,2009,10,0
10,legacy_hurst_no_meta,wf_04,logistic_c10,576,0.4831825334382376,0.4827522140335666,0.4796420141620771,40,2048,2059,2634,2019,2009,10,0
10,legacy_hurst_no_meta,wf_04,random_forest,576,0.5082120377655389,0.49444881782893124,0.5015366837136114,40,2048,2059,2634,2019,2009,10,0
10,legacy_hurst_no_meta,wf_04,extra_trees,576,0.5421911880409127,0.5057309224639902,0.5296887293469709,40,2048,2059,2634,2019,2009,10,0
10,legacy_hurst_no_meta,wf_04,hist_gradient_boosting,576,0.4958202202989772,0.490642401195165,0.5288773603461842,40,2048,2059,2634,2019,2009,10,0
10,legacy_hurst_no_meta,wf_05,logistic_c02,576,0.44796248851936,0.4476769431176726,0.4427418185333784,40,2624,2635,3210,2595,2585,10,0
10,legacy_hurst_no_meta,wf_05,logistic_c10,576,0.45127374679750565,0.4510645997949213,0.44095325566781074,40,2624,2635,3210,2595,2585,10,0
10,legacy_hurst_no_meta,wf_05,random_forest,576,0.5158191134528931,0.5109130191729494,0.504676850195775,40,2624,2635,3210,2595,2585,10,0
10,legacy_hurst_no_meta,wf_05,extra_trees,576,0.5361700584908397,0.5097505541681866,0.5124595156378402,40,2624,2635,3210,2595,2585,10,0
10,legacy_hurst_no_meta,wf_05,hist_gradient_boosting,576,0.5334509595398076,0.5334566423675334,0.5410644366026973,40,2624,2635,3210,2595,2585,10,0
20,dfa_hurst_with_meta,wf_01,logistic_c02,573,0.5295665634674922,0.5025796680293553,0.5778823529411765,40,319,340,912,300,280,20,0
20,dfa_hurst_with_meta,wf_01,logistic_c10,573,0.5509907120743034,0.5094423336499525,0.5937832817337461,40,319,340,912,300,280,20,0
20,dfa_hurst_with_meta,wf_01,random_forest,573,0.4314984520123839,0.4257660078040043,0.4612012383900929,40,319,340,912,300,280,20,0
20,dfa_hurst_with_meta,wf_01,extra_trees,573,0.5141052631578947,0.5084939246188376,0.5197770897832819,40,319,340,912,300,280,20,0
20,dfa_hurst_with_meta,wf_01,hist_gradient_boosting,573,0.48131888544891643,0.44439471917654955,0.45946749226006195,40,319,340,912,300,280,20,0
20,dfa_hurst_with_meta,wf_02,logistic_c02,572,0.44126589106422626,0.418455611749382,0.4578465385982764,40,892,913,1484,873,853,20,0
20,dfa_hurst_with_meta,wf_02,logistic_c10,572,0.43683416900614186,0.41746271158035864,0.4614262421693984,40,892,913,1484,873,853,20,0
20,dfa_hurst_with_meta,wf_02,random_forest,572,0.5285395544985351,0.5205576940716539,0.5774723860195412,40,892,913,1484,873,853,20,0
20,dfa_hurst_with_meta,wf_02,extra_trees,572,0.558807664488605,0.5486465850752181,0.5989383481874686,40,892,913,1484,873,853,20,0
20,dfa_hurst_with_meta,wf_02,hist_gradient_boosting,572,0.4906952225668436,0.4893220019585855,0.4880410930355151,40,892,913,1484,873,853,20,0
20,dfa_hurst_with_meta,wf_03,logistic_c02,572,0.4370838229533882,0.43645320197044335,0.47300969447708574,40,1464,1485,2056,1445,1425,20,0
20,dfa_hurst_with_meta,wf_03,logistic_c10,572,0.4370838229533882,0.43645320197044335,0.47282608695652173,40,1464,1485,2056,1445,1425,20,0
20,dfa_hurst_with_meta,wf_03,random_forest,572,0.5268556600078339,0.45244828803645587,0.48140667841754803,40,1464,1485,2056,1445,1425,20,0
20,dfa_hurst_with_meta,wf_03,extra_trees,572,0.5261457109283196,0.4649659863945578,0.498286329808069,40,1464,1485,2056,1445,1425,20,0
20,dfa_hurst_with_meta,wf_03,hist_gradient_boosting,572,0.5488396004700352,0.49054521583308197,0.5271983940462202,40,1464,1485,2056,1445,1425,20,0
20,dfa_hurst_with_meta,wf_04,logistic_c02,572,0.4275214625409178,0.4188699569134352,0.40279167438700514,40,2036,2057,2628,2017,1997,20,0
20,dfa_hurst_with_meta,wf_04,logistic_c10,572,0.42460626273855845,0.4226251651739833,0.39608424433327155,40,2036,2057,2628,2017,1997,20,0
20,dfa_hurst_with_meta,wf_04,random_forest,572,0.5116855042925081,0.45840113750525585,0.49422518683219074,40,2036,2057,2628,2017,1997,20,0
20,dfa_hurst_with_meta,wf_04,extra_trees,572,0.4696498054474708,0.4133899149668065,0.45241183373479094,40,2036,2057,2628,2017,1997,20,0
20,dfa_hurst_with_meta,wf_04,hist_gradient_boosting,572,0.4735470323018961,0.452012460443038,0.44537088505960104,40,2036,2057,2628,2017,1997,20,0
20,dfa_hurst_with_meta,wf_05,logistic_c02,572,0.4217948717948718,0.42068948635805925,0.41875000000000007,40,2608,2629,3200,2589,2569,20,0
20,dfa_hurst_with_meta,wf_05,logistic_c10,572,0.4256410256410257,0.424316676608697,0.4169871794871795,40,2608,2629,3200,2589,2569,20,0
20,dfa_hurst_with_meta,wf_05,random_forest,572,0.43653846153846154,0.4335387323943662,0.4484590729783038,40,2608,2629,3200,2589,2569,20,0
20,dfa_hurst_with_meta,wf_05,extra_trees,572,0.5060897435897436,0.4916087206566634,0.4928500986193294,40,2608,2629,3200,2589,2569,20,0
20,dfa_hurst_with_meta,wf_05,hist_gradient_boosting,572,0.4439102564102564,0.4439563414424059,0.4672830374753452,40,2608,2629,3200,2589,2569,20,0
20,dfa_hurst_no_meta,wf_01,logistic_c02,573,0.5295665634674922,0.5025796680293553,0.5778823529411765,40,319,340,912,300,280,20,0
20,dfa_hurst_no_meta,wf_01,logistic_c10,573,0.5509907120743034,0.5094423336499525,0.5937832817337461,40,319,340,912,300,280,20,0
20,dfa_hurst_no_meta,wf_01,random_forest,573,0.4314984520123839,0.4257660078040043,0.4612012383900929,40,319,340,912,300,280,20,0
20,dfa_hurst_no_meta,wf_01,extra_trees,573,0.5141052631578947,0.5084939246188376,0.5197770897832819,40,319,340,912,300,280,20,0
20,dfa_hurst_no_meta,wf_01,hist_gradient_boosting,573,0.48131888544891643,0.44439471917654955,0.45946749226006195,40,319,340,912,300,280,20,0
20,dfa_hurst_no_meta,wf_02,logistic_c02,572,0.44126589106422626,0.418455611749382,0.4578465385982764,40,892,913,1484,873,853,20,0
20,dfa_hurst_no_meta,wf_02,logistic_c10,572,0.43683416900614186,0.41746271158035864,0.4614262421693984,40,892,913,1484,873,853,20,0
20,dfa_hurst_no_meta,wf_02,random_forest,572,0.5285395544985351,0.5205576940716539,0.5774723860195412,40,892,913,1484,873,853,20,0
20,dfa_hurst_no_meta,wf_02,extra_trees,572,0.558807664488605,0.5486465850752181,0.5989383481874686,40,892,913,1484,873,853,20,0
20,dfa_hurst_no_meta,wf_02,hist_gradient_boosting,572,0.4906952225668436,0.4893220019585855,0.4880410930355151,40,892,913,1484,873,853,20,0
20,dfa_hurst_no_meta,wf_03,logistic_c02,572,0.4370838229533882,0.43645320197044335,0.47300969447708574,40,1464,1485,2056,1445,1425,20,0
20,dfa_hurst_no_meta,wf_03,logistic_c10,572,0.4370838229533882,0.43645320197044335,0.47282608695652173,40,1464,1485,2056,1445,1425,20,0
20,dfa_hurst_no_meta,wf_03,random_forest,572,0.5268556600078339,0.45244828803645587,0.48140667841754803,40,1464,1485,2056,1445,1425,20,0
20,dfa_hurst_no_meta,wf_03,extra_trees,572,0.5261457109283196,0.4649659863945578,0.498286329808069,40,1464,1485,2056,1445,1425,20,0
20,dfa_hurst_no_meta,wf_03,hist_gradient_boosting,572,0.5488396004700352,0.49054521583308197,0.5271983940462202,40,1464,1485,2056,1445,1425,20,0
20,dfa_hurst_no_meta,wf_04,logistic_c02,572,0.4275214625409178,0.4188699569134352,0.40279167438700514,40,2036,2057,2628,2017,1997,20,0
20,dfa_hurst_no_meta,wf_04,logistic_c10,572,0.42460626273855845,0.4226251651739833,0.39608424433327155,40,2036,2057,2628,2017,1997,20,0
20,dfa_hurst_no_meta,wf_04,random_forest,572,0.5116855042925081,0.45840113750525585,0.49422518683219074,40,2036,2057,2628,2017,1997,20,0
20,dfa_hurst_no_meta,wf_04,extra_trees,572,0.4696498054474708,0.4133899149668065,0.45241183373479094,40,2036,2057,2628,2017,1997,20,0
20,dfa_hurst_no_meta,wf_04,hist_gradient_boosting,572,0.4735470323018961,0.452012460443038,0.44537088505960104,40,2036,2057,2628,2017,1997,20,0
20,dfa_hurst_no_meta,wf_05,logistic_c02,572,0.4217948717948718,0.42068948635805925,0.41875000000000007,40,2608,2629,3200,2589,2569,20,0
20,dfa_hurst_no_meta,wf_05,logistic_c10,572,0.4256410256410257,0.424316676608697,0.4169871794871795,40,2608,2629,3200,2589,2569,20,0
20,dfa_hurst_no_meta,wf_05,random_forest,572,0.43653846153846154,0.4335387323943662,0.4484590729783038,40,2608,2629,3200,2589,2569,20,0
20,dfa_hurst_no_meta,wf_05,extra_trees,572,0.5060897435897436,0.4916087206566634,0.4928500986193294,40,2608,2629,3200,2589,2569,20,0
20,dfa_hurst_no_meta,wf_05,hist_gradient_boosting,572,0.4439102564102564,0.4439563414424059,0.4672830374753452,40,2608,2629,3200,2589,2569,20,0
20,no_hurst_with_meta,wf_01,logistic_c02,573,0.55215479876161,0.5037211074822133,0.5986625386996904,40,319,340,912,300,280,20,0
20,no_hurst_with_meta,wf_01,logistic_c10,573,0.5636346749226007,0.5217013427539743,0.600359133126935,40,319,340,912,300,280,20,0
20,no_hurst_with_meta,wf_01,random_forest,573,0.4279504643962848,0.4222752236569162,0.46636532507739936,40,319,340,912,300,280,20,0
20,no_hurst_with_meta,wf_01,extra_trees,573,0.5162414860681115,0.51517810804435,0.5207801857585139,40,319,340,912,300,280,20,0
20,no_hurst_with_meta,wf_01,hist_gradient_boosting,573,0.4915108359133127,0.4556208241226001,0.47897213622291024,40,319,340,912,300,280,20,0
20,no_hurst_with_meta,wf_02,logistic_c02,572,0.42261955842149784,0.4087432215384126,0.42887791004155884,40,892,913,1484,873,853,20,0
20,no_hurst_with_meta,wf_02,logistic_c10,572,0.43110909514410756,0.4165646674826601,0.4464209093918182,40,892,913,1484,873,853,20,0
20,no_hurst_with_meta,wf_02,random_forest,572,0.5270561841831043,0.5231770711375451,0.5858577190423067,40,892,913,1484,873,853,20,0
20,no_hurst_with_meta,wf_02,extra_trees,572,0.5646982383445097,0.5626095714125854,0.5877333856395043,40,892,913,1484,873,853,20,0
20,no_hurst_with_meta,wf_02,hist_gradient_boosting,572,0.49143690772455895,0.488848344938005,0.5100096848144561,40,892,913,1484,873,853,20,0
20,no_hurst_with_meta,wf_03,logistic_c02,572,0.4509890325107716,0.4508811192231965,0.4811251468860165,40,1464,1485,2056,1445,1425,20,0
20,no_hurst_with_meta,wf_03,logistic_c10,572,0.46452702702702703,0.4630881512124575,0.48069672933803365,40,1464,1485,2056,1445,1425,20,0
20,no_hurst_with_meta,wf_03,random_forest,572,0.5364032510771641,0.47393486568185705,0.4822635135135136,40,1464,1485,2056,1445,1425,20,0
20,no_hurst_with_meta,wf_03,extra_trees,572,0.5480072463768116,0.49946524064171127,0.5000856835095966,40,1464,1485,2056,1445,1425,20,0
20,no_hurst_with_meta,wf_03,hist_gradient_boosting,572,0.5493292205248727,0.49651948562030307,0.5220941049745398,40,1464,1485,2056,1445,1425,20,0
20,no_hurst_with_meta,wf_04,logistic_c02,572,0.4947995800135878,0.4875727306359937,0.4867271941201903,40,2036,2057,2628,2017,1997,20,0
20,no_hurst_with_meta,wf_04,logistic_c10,572,0.4824099808535606,0.47727112961247986,0.4866530788709777,40,2036,2057,2628,2017,1997,20,0
20,no_hurst_with_meta,wf_04,random_forest,572,0.5063121487246001,0.4696362510568615,0.5024766845778519,40,2036,2057,2628,2017,1997,20,0
20,no_hurst_with_meta,wf_04,extra_trees,572,0.5174726700018528,0.4742647058823529,0.5163238836390588,40,2036,2057,2628,2017,1997,20,0
20,no_hurst_with_meta,wf_04,hist_gradient_boosting,572,0.46719782595268977,0.4440895359778141,0.44315978012476065,40,2036,2057,2628,2017,1997,20,0
20,no_hurst_with_meta,wf_05,logistic_c02,572,0.4362179487179487,0.43481546062191223,0.426060157790927,40,2608,2629,3200,2589,2569,20,0
20,no_hurst_with_meta,wf_05,logistic_c10,572,0.4362179487179487,0.43481546062191223,0.4253451676528599,40,2608,2629,3200,2589,2569,20,0
20,no_hurst_with_meta,wf_05,random_forest,572,0.46826923076923077,0.46641627849363376,0.47536982248520704,40,2608,2629,3200,2589,2569,20,0
20,no_hurst_with_meta,wf_05,extra_trees,572,0.4673076923076923,0.45612033322291334,0.4532544378698225,40,2608,2629,3200,2589,2569,20,0
20,no_hurst_with_meta,wf_05,hist_gradient_boosting,572,0.4637820512820513,0.46375220496626246,0.4828525641025641,40,2608,2629,3200,2589,2569,20,0
20,no_hurst_no_meta,wf_01,logistic_c02,573,0.55215479876161,0.5037211074822133,0.5986625386996904,40,319,340,912,300,280,20,0
20,no_hurst_no_meta,wf_01,logistic_c10,573,0.5636346749226007,0.5217013427539743,0.600359133126935,40,319,340,912,300,280,20,0
20,no_hurst_no_meta,wf_01,random_forest,573,0.4279504643962848,0.4222752236569162,0.46636532507739936,40,319,340,912,300,280,20,0
20,no_hurst_no_meta,wf_01,extra_trees,573,0.5162414860681115,0.51517810804435,0.5207801857585139,40,319,340,912,300,280,20,0
20,no_hurst_no_meta,wf_01,hist_gradient_boosting,573,0.4915108359133127,0.4556208241226001,0.47897213622291024,40,319,340,912,300,280,20,0
20,no_hurst_no_meta,wf_02,logistic_c02,572,0.42261955842149784,0.4087432215384126,0.42887791004155884,40,892,913,1484,873,853,20,0
20,no_hurst_no_meta,wf_02,logistic_c10,572,0.43110909514410756,0.4165646674826601,0.4464209093918182,40,892,913,1484,873,853,20,0
20,no_hurst_no_meta,wf_02,random_forest,572,0.5270561841831043,0.5231770711375451,0.5858577190423067,40,892,913,1484,873,853,20,0
20,no_hurst_no_meta,wf_02,extra_trees,572,0.5646982383445097,0.5626095714125854,0.5877333856395043,40,892,913,1484,873,853,20,0
20,no_hurst_no_meta,wf_02,hist_gradient_boosting,572,0.49143690772455895,0.488848344938005,0.5100096848144561,40,892,913,1484,873,853,20,0
20,no_hurst_no_meta,wf_03,logistic_c02,572,0.4509890325107716,0.4508811192231965,0.4811251468860165,40,1464,1485,2056,1445,1425,20,0
20,no_hurst_no_meta,wf_03,logistic_c10,572,0.46452702702702703,0.4630881512124575,0.48069672933803365,40,1464,1485,2056,1445,1425,20,0
20,no_hurst_no_meta,wf_03,random_forest,572,0.5364032510771641,0.47393486568185705,0.4822635135135136,40,1464,1485,2056,1445,1425,20,0
20,no_hurst_no_meta,wf_03,extra_trees,572,0.5480072463768116,0.49946524064171127,0.5000856835095966,40,1464,1485,2056,1445,1425,20,0
20,no_hurst_no_meta,wf_03,hist_gradient_boosting,572,0.5493292205248727,0.49651948562030307,0.5220941049745398,40,1464,1485,2056,1445,1425,20,0
20,no_hurst_no_meta,wf_04,logistic_c02,572,0.4947995800135878,0.4875727306359937,0.4867271941201903,40,2036,2057,2628,2017,1997,20,0
20,no_hurst_no_meta,wf_04,logistic_c10,572,0.4824099808535606,0.47727112961247986,0.4866530788709777,40,2036,2057,2628,2017,1997,20,0
20,no_hurst_no_meta,wf_04,random_forest,572,0.5063121487246001,0.4696362510568615,0.5024766845778519,40,2036,2057,2628,2017,1997,20,0
20,no_hurst_no_meta,wf_04,extra_trees,572,0.5174726700018528,0.4742647058823529,0.5163238836390588,40,2036,2057,2628,2017,1997,20,0
20,no_hurst_no_meta,wf_04,hist_gradient_boosting,572,0.46719782595268977,0.4440895359778141,0.44315978012476065,40,2036,2057,2628,2017,1997,20,0
20,no_hurst_no_meta,wf_05,logistic_c02,572,0.4362179487179487,0.43481546062191223,0.426060157790927,40,2608,2629,3200,2589,2569,20,0
20,no_hurst_no_meta,wf_05,logistic_c10,572,0.4362179487179487,0.43481546062191223,0.4253451676528599,40,2608,2629,3200,2589,2569,20,0
20,no_hurst_no_meta,wf_05,random_forest,572,0.46826923076923077,0.46641627849363376,0.47536982248520704,40,2608,2629,3200,2589,2569,20,0
20,no_hurst_no_meta,wf_05,extra_trees,572,0.4673076923076923,0.45612033322291334,0.4532544378698225,40,2608,2629,3200,2589,2569,20,0
20,no_hurst_no_meta,wf_05,hist_gradient_boosting,572,0.4637820512820513,0.46375220496626246,0.4828525641025641,40,2608,2629,3200,2589,2569,20,0
20,legacy_hurst_no_meta,wf_01,logistic_c02,573,0.4914984520123839,0.4772679426275274,0.5300557275541795,40,319,340,912,300,280,20,0
20,legacy_hurst_no_meta,wf_01,logistic_c10,573,0.4919504643962848,0.47710840431798274,0.5249907120743034,40,319,340,912,300,280,20,0
20,legacy_hurst_no_meta,wf_01,random_forest,573,0.42647058823529416,0.41688807097937897,0.46578328173374606,40,319,340,912,300,280,20,0
20,legacy_hurst_no_meta,wf_01,extra_trees,573,0.5222414860681115,0.5214926160337553,0.5181300309597523,40,319,340,912,300,280,20,0
20,legacy_hurst_no_meta,wf_01,hist_gradient_boosting,573,0.4695789473684211,0.43105396345164393,0.4561362229102167,40,319,340,912,300,280,20,0
20,legacy_hurst_no_meta,wf_02,logistic_c02,572,0.3986343185690993,0.37895588934431496,0.4189846881857523,40,892,913,1484,873,853,20,0
20,legacy_hurst_no_meta,wf_02,logistic_c10,572,0.43333415061725367,0.40546194378047296,0.4370425764058305,40,892,913,1484,873,853,20,0
20,legacy_hurst_no_meta,wf_02,random_forest,572,0.5303784433193169,0.5262518010120046,0.5642201272511065,40,892,913,1484,873,853,20,0
20,legacy_hurst_no_meta,wf_02,extra_trees,572,0.5381324245136139,0.5322799778594073,0.5869365338171655,40,892,913,1484,873,853,20,0
20,legacy_hurst_no_meta,wf_02,hist_gradient_boosting,572,0.4700261122212551,0.4688655875665954,0.48524598202792657,40,892,913,1484,873,853,20,0
20,legacy_hurst_no_meta,wf_03,logistic_c02,572,0.4502301214257736,0.44841227051324317,0.4531556012534274,40,1464,1485,2056,1445,1425,20,0
20,legacy_hurst_no_meta,wf_03,logistic_c10,572,0.4458969839404622,0.4453554595443834,0.45284958871915393,40,1464,1485,2056,1445,1425,20,0
20,legacy_hurst_no_meta,wf_03,random_forest,572,0.5378476302389346,0.47186025874550463,0.5013709361535449,40,1464,1485,2056,1445,1425,20,0
20,legacy_hurst_no_meta,wf_03,extra_trees,572,0.5445064629847238,0.49549274255156606,0.49501811594202894,40,1464,1485,2056,1445,1425,20,0
20,legacy_hurst_no_meta,wf_03,hist_gradient_boosting,572,0.5512632197414806,0.5006634541518262,0.5263048374461419,40,1464,1485,2056,1445,1425,20,0
20,legacy_hurst_no_meta,wf_04,logistic_c02,572,0.49464517324439505,0.4853848413631022,0.48168735717373856,40,2036,2057,2628,2017,1997,20,0
20,legacy_hurst_no_meta,wf_04,logistic_c10,572,0.4878883330245198,0.48251115593862703,0.4765857575196097,40,2036,2057,2628,2017,1997,20,0
20,legacy_hurst_no_meta,wf_04,random_forest,572,0.5195726020628745,0.48062953995157387,0.4969056883453771,40,2036,2057,2628,2017,1997,20,0
20,legacy_hurst_no_meta,wf_04,extra_trees,572,0.5100982027052066,0.45612705102342377,0.526835896485702,40,2036,2057,2628,2017,1997,20,0
20,legacy_hurst_no_meta,wf_04,hist_gradient_boosting,572,0.4746217034154777,0.4507291808641134,0.4698906800074115,40,2036,2057,2628,2017,1997,20,0
20,legacy_hurst_no_meta,wf_05,logistic_c02,572,0.42083333333333334,0.4192325100615313,0.3972016765285996,40,2608,2629,3200,2589,2569,20,0
20,legacy_hurst_no_meta,wf_05,logistic_c10,572,0.4112179487179487,0.40897529958425044,0.3991617357001973,40,2608,2629,3200,2589,2569,20,0
20,legacy_hurst_no_meta,wf_05,random_forest,572,0.4493589743589744,0.44840887174541944,0.44626479289940835,40,2608,2629,3200,2589,2569,20,0
20,legacy_hurst_no_meta,wf_05,extra_trees,572,0.5054487179487179,0.4850115248364092,0.4823594674556213,40,2608,2629,3200,2589,2569,20,0
20,legacy_hurst_no_meta,wf_05,hist_gradient_boosting,572,0.4814102564102564,0.4813919350660565,0.4859220907297831,40,2608,2629,3200,2589,2569,20,0
