row_id,date,issue_type,value,threshold
186.0,2011-09-23T00:00:00,outlier_return_robust_z,-6.64197214162228,6.0
297.0,2012-02-29T00:00:00,outlier_return_robust_z,-6.591823745875667,6.0
584.0,2013-04-12T00:00:00,outlier_return_robust_z,-6.759929298504522,6.0
585.0,2013-04-15T00:00:00,outlier_return_robust_z,-12.36672235253968,6.0
633.0,2013-06-20T00:00:00,outlier_return_robust_z,-6.611619126337476,6.0
2475.0,2020-08-11T00:00:00,outlier_return_robust_z,-7.6283547367862825,6.0
2539.0,2020-11-09T00:00:00,outlier_return_robust_z,-6.085662042302872,6.0
3816.0,2025-10-21T00:00:00,outlier_return_robust_z,-7.132550505017933,6.0
3887.0,2026-01-30T00:00:00,outlier_return_robust_z,-12.224890715542388,6.0
3888.0,2026-02-02T00:00:00,outlier_return_robust_z,-6.460208688799396,6.0
3889.0,2026-02-03T00:00:00,outlier_return_robust_z,7.697634200971755,6.0
186.0,2011-09-23T00:00:00,flash_move_log_return,-0.05079435500135787,0.05
297.0,2012-02-29T00:00:00,flash_move_log_return,-0.050407176667592424,0.05
584.0,2013-04-12T00:00:00,flash_move_log_return,-0.05170506121194407,0.05
585.0,2013-04-15T00:00:00,flash_move_log_return,-0.0949931616608124,0.05
633.0,2013-06-20T00:00:00,flash_move_log_return,-0.05056000991996967,0.05
2475.0,2020-08-11T00:00:00,flash_move_log_return,-0.05840987218720173,0.05
3816.0,2025-10-21T00:00:00,flash_move_log_return,-0.05458194003758976,0.05
3887.0,2026-01-30T00:00:00,flash_move_log_return,-0.09389812888717586,0.05
3889.0,2026-02-03T00:00:00,flash_move_log_return,0.059916761633971305,0.05
62.0,2011-03-30T00:00:00,volume_regime_ratio,0.2285141258325699,3.0
63.0,2011-03-31T00:00:00,volume_regime_ratio,0.22181642607769828,3.0
64.0,2011-04-01T00:00:00,volume_regime_ratio,0.21931562136330998,3.0
65.0,2011-04-04T00:00:00,volume_regime_ratio,0.17534107509842276,3.0
66.0,2011-04-05T00:00:00,volume_regime_ratio,0.2323024735682274,3.0
67.0,2011-04-06T00:00:00,volume_regime_ratio,0.23762596875232128,3.0
68.0,2011-04-07T00:00:00,volume_regime_ratio,0.18486146532299996,3.0
69.0,2011-04-08T00:00:00,volume_regime_ratio,0.18373486517938942,3.0
70.0,2011-04-11T00:00:00,volume_regime_ratio,0.20927526184168174,3.0
71.0,2011-04-12T00:00:00,volume_regime_ratio,0.24911481417287742,3.0
72.0,2011-04-13T00:00:00,volume_regime_ratio,0.2799013716282355,3.0
73.0,2011-04-14T00:00:00,volume_regime_ratio,0.2917962506350131,3.0
74.0,2011-04-15T00:00:00,volume_regime_ratio,0.2329484645119049,3.0
75.0,2011-04-18T00:00:00,volume_regime_ratio,0.19305296029897356,3.0
76.0,2011-04-19T00:00:00,volume_regime_ratio,0.03022666753263623,3.0
77.0,2011-04-20T00:00:00,volume_regime_ratio,0.03114390354746438,3.0
78.0,2011-04-21T00:00:00,volume_regime_ratio,0.013827560390533088,3.0
79.0,2011-04-25T00:00:00,volume_regime_ratio,0.021001724779329704,3.0
80.0,2011-04-26T00:00:00,volume_regime_ratio,0.2139020266655253,3.0
103.0,2011-05-30T00:00:00,volume_regime_ratio,0.23566245900009938,3.0
123.0,2011-06-27T00:00:00,volume_regime_ratio,3.9563318777292578,3.0
124.0,2011-06-28T00:00:00,volume_regime_ratio,3.5776867644771633,3.0
125.0,2011-06-29T00:00:00,volume_regime_ratio,3.3616936686214096,3.0
126.0,2011-06-30T00:00:00,volume_regime_ratio,3.39805493109178,3.0
127.0,2011-07-01T00:00:00,volume_regime_ratio,3.389997629770088,3.0
129.0,2011-07-06T00:00:00,volume_regime_ratio,3.261684437972662,3.0
130.0,2011-07-07T00:00:00,volume_regime_ratio,3.211393427904471,3.0
133.0,2011-07-12T00:00:00,volume_regime_ratio,3.4709129511677284,3.0
134.0,2011-07-13T00:00:00,volume_regime_ratio,3.2562816171244617,3.0
135.0,2011-07-14T00:00:00,volume_regime_ratio,3.0078995737358727,3.0
321.0,2012-04-04T00:00:00,volume_regime_ratio,3.3048280553516767,3.0
585.0,2013-04-15T00:00:00,volume_regime_ratio,4.899730854986398,3.0
586.0,2013-04-16T00:00:00,volume_regime_ratio,3.2824453896618846,3.0
725.0,2013-10-28T00:00:00,volume_regime_ratio,0.3268881886756421,3.0
730.0,2013-11-04T00:00:00,volume_regime_ratio,0.2993954820235444,3.0
732.0,2013-11-06T00:00:00,volume_regime_ratio,0.31550337850590765,3.0
735.0,2013-11-11T00:00:00,volume_regime_ratio,0.30267751302324064,3.0
748.0,2013-11-28T00:00:00,volume_regime_ratio,0.30106125146886015,3.0
942.0,2014-09-01T00:00:00,volume_regime_ratio,0.3117638232425538,3.0
1025.0,2014-12-26T00:00:00,volume_regime_ratio,0.28661168877733956,3.0
1093.0,2015-04-03T00:00:00,volume_regime_ratio,0.0026015581524763496,3.0
1508.0,2016-11-09T00:00:00,volume_regime_ratio,3.1971225868453037,3.0
1540.0,2016-12-23T00:00:00,volume_regime_ratio,0.33185447333777846,3.0
2181.0,2019-06-21T00:00:00,volume_regime_ratio,3.0554033092037227,3.0
2183.0,2019-06-25T00:00:00,volume_regime_ratio,3.3611332698592418,3.0
2448.0,2020-07-03T00:00:00,volume_regime_ratio,0.30325357308444373,3.0
3324.0,2023-11-23T00:00:00,volume_regime_ratio,0.2697379965714131,3.0
3357.0,2024-01-11T00:00:00,volume_regime_ratio,3.312302800312444,3.0
3358.0,2024-01-12T00:00:00,volume_regime_ratio,3.460769178726728,3.0
3361.0,2024-01-17T00:00:00,volume_regime_ratio,3.29197330340795,3.0
3366.0,2024-01-24T00:00:00,volume_regime_ratio,3.0821182584620272,3.0
3400.0,2024-03-12T00:00:00,volume_regime_ratio,0.3303873702470552,3.0
3401.0,2024-03-13T00:00:00,volume_regime_ratio,0.21837665426261157,3.0
3402.0,2024-03-14T00:00:00,volume_regime_ratio,0.21947833020900367,3.0
3403.0,2024-03-15T00:00:00,volume_regime_ratio,0.21150563210262785,3.0
3404.0,2024-03-18T00:00:00,volume_regime_ratio,0.2215177117427968,3.0
3405.0,2024-03-19T00:00:00,volume_regime_ratio,0.29554765783108744,3.0
3496.0,2024-07-25T00:00:00,volume_regime_ratio,3.0031239109872057,3.0
3503.0,2024-08-05T00:00:00,volume_regime_ratio,3.699843757629022,3.0
3504.0,2024-08-06T00:00:00,volume_regime_ratio,3.0118902032958386,3.0
3739.0,2025-07-04T00:00:00,volume_regime_ratio,0.33106340661953865,3.0
3852.0,2025-12-10T00:00:00,volume_regime_ratio,4.12220191239012,3.0
3853.0,2025-12-11T00:00:00,volume_regime_ratio,5.47450721286202,3.0
3854.0,2025-12-12T00:00:00,volume_regime_ratio,5.024255087209302,3.0
3855.0,2025-12-15T00:00:00,volume_regime_ratio,4.039937260875083,3.0
3856.0,2025-12-16T00:00:00,volume_regime_ratio,4.360816156568811,3.0
3857.0,2025-12-17T00:00:00,volume_regime_ratio,4.311641823424662,3.0
3858.0,2025-12-18T00:00:00,volume_regime_ratio,4.275024611410663,3.0
3859.0,2025-12-19T00:00:00,volume_regime_ratio,3.453563560156908,3.0
3860.0,2025-12-22T00:00:00,volume_regime_ratio,3.23595606205742,3.0
3861.0,2025-12-23T00:00:00,volume_regime_ratio,4.285481860062073,3.0
3862.0,2025-12-24T00:00:00,volume_regime_ratio,4.074822482071572,3.0
3863.0,2025-12-26T00:00:00,volume_regime_ratio,4.6009285443701495,3.0
3864.0,2025-12-29T00:00:00,volume_regime_ratio,5.66926256671434,3.0
3865.0,2025-12-30T00:00:00,volume_regime_ratio,5.088332999101935,3.0
3866.0,2025-12-31T00:00:00,volume_regime_ratio,4.726541999041018,3.0
3867.0,2026-01-02T00:00:00,volume_regime_ratio,4.11280929078503,3.0
3868.0,2026-01-05T00:00:00,volume_regime_ratio,4.881581544640788,3.0
3869.0,2026-01-06T00:00:00,volume_regime_ratio,4.382528059129482,3.0
3870.0,2026-01-07T00:00:00,volume_regime_ratio,4.125463900134953,3.0
3871.0,2026-01-08T00:00:00,volume_regime_ratio,4.595466332078628,3.0
3872.0,2026-01-09T00:00:00,volume_regime_ratio,3.9916933120726648,3.0
3873.0,2026-01-12T00:00:00,volume_regime_ratio,4.668901263117471,3.0
3874.0,2026-01-13T00:00:00,volume_regime_ratio,4.513378359199552,3.0
3875.0,2026-01-14T00:00:00,volume_regime_ratio,4.830208904621828,3.0
3876.0,2026-01-15T00:00:00,volume_regime_ratio,4.8613780260707635,3.0
3877.0,2026-01-16T00:00:00,volume_regime_ratio,4.308710945582454,3.0
3879.0,2026-01-20T00:00:00,volume_regime_ratio,4.025258229795871,3.0
3880.0,2026-01-21T00:00:00,volume_regime_ratio,5.1578968225662,3.0
3881.0,2026-01-22T00:00:00,volume_regime_ratio,4.012941574217491,3.0
3882.0,2026-01-23T00:00:00,volume_regime_ratio,3.846889153573623,3.0
3906.0,2026-02-26T00:00:00,volume_scale_shift_ratio,5.064761253431358,5.0
3907.0,2026-02-27T00:00:00,volume_scale_shift_ratio,5.082333317447458,5.0
3908.0,2026-03-02T00:00:00,volume_scale_shift_ratio,5.11202614006592,5.0
3909.0,2026-03-03T00:00:00,volume_scale_shift_ratio,5.100822734649205,5.0
3910.0,2026-03-04T00:00:00,volume_scale_shift_ratio,5.097050777026709,5.0
3911.0,2026-03-05T00:00:00,volume_scale_shift_ratio,5.165022986452565,5.0
3912.0,2026-03-06T00:00:00,volume_scale_shift_ratio,5.157519039991007,5.0
3913.0,2026-03-09T00:00:00,volume_scale_shift_ratio,5.134879084845549,5.0
3914.0,2026-03-10T00:00:00,volume_scale_shift_ratio,5.111167776273575,5.0
3915.0,2026-03-11T00:00:00,volume_scale_shift_ratio,5.063140104161882,5.0
3916.0,2026-03-12T00:00:00,volume_scale_shift_ratio,5.052307014645964,5.0
3923.0,2026-03-23T00:00:00,volume_scale_shift_ratio,5.00662471016893,5.0
,2011-04-22T00:00:00,potential_missing_weekday,,
,2011-05-10T00:00:00,potential_missing_weekday,,
,2011-07-04T00:00:00,potential_missing_weekday,,
,2011-12-26T00:00:00,potential_missing_weekday,,
,2012-01-02T00:00:00,potential_missing_weekday,,
,2012-03-01T00:00:00,potential_missing_weekday,,
,2012-04-06T00:00:00,potential_missing_weekday,,
,2012-12-25T00:00:00,potential_missing_weekday,,
,2013-01-01T00:00:00,potential_missing_weekday,,
,2013-03-29T00:00:00,potential_missing_weekday,,
,2013-12-25T00:00:00,potential_missing_weekday,,
,2014-01-01T00:00:00,potential_missing_weekday,,
,2014-04-18T00:00:00,potential_missing_weekday,,
,2014-12-25T00:00:00,potential_missing_weekday,,
,2015-01-01T00:00:00,potential_missing_weekday,,
,2015-01-20T00:00:00,potential_missing_weekday,,
,2015-12-25T00:00:00,potential_missing_weekday,,
,2016-01-01T00:00:00,potential_missing_weekday,,
,2016-03-25T00:00:00,potential_missing_weekday,,
,2016-12-26T00:00:00,potential_missing_weekday,,
,2017-01-02T00:00:00,potential_missing_weekday,,
,2017-04-14T00:00:00,potential_missing_weekday,,
,2017-12-25T00:00:00,potential_missing_weekday,,
,2018-01-01T00:00:00,potential_missing_weekday,,
,2018-03-30T00:00:00,potential_missing_weekday,,
,2018-12-25T00:00:00,potential_missing_weekday,,
,2019-01-01T00:00:00,potential_missing_weekday,,
,2019-04-19T00:00:00,potential_missing_weekday,,
,2019-12-25T00:00:00,potential_missing_weekday,,
,2020-01-01T00:00:00,potential_missing_weekday,,
,2020-04-10T00:00:00,potential_missing_weekday,,
,2020-12-25T00:00:00,potential_missing_weekday,,
,2021-01-01T00:00:00,potential_missing_weekday,,
,2021-04-02T00:00:00,potential_missing_weekday,,
,2021-12-24T00:00:00,potential_missing_weekday,,
,2022-04-15T00:00:00,potential_missing_weekday,,
,2022-12-26T00:00:00,potential_missing_weekday,,
,2023-01-02T00:00:00,potential_missing_weekday,,
,2023-04-07T00:00:00,potential_missing_weekday,,
,2023-12-25T00:00:00,potential_missing_weekday,,
,2024-01-01T00:00:00,potential_missing_weekday,,
,2024-03-29T00:00:00,potential_missing_weekday,,
,2024-12-25T00:00:00,potential_missing_weekday,,
,2025-01-01T00:00:00,potential_missing_weekday,,
,2025-04-18T00:00:00,potential_missing_weekday,,
,2025-12-25T00:00:00,potential_missing_weekday,,
,2026-01-01T00:00:00,potential_missing_weekday,,
,2026-04-03T00:00:00,potential_missing_weekday,,
